ID,LABEL
0r39Y7LyLWe2cEySuaXngzSDYaAi8yGJ.txt,59.2278
0x1Il3EcSUDAibXmCDSebpRo3f0cKX2G.txt,13.4261
19NMhL3lBp2BH0DJvCzm2Cw2x181DQPL.txt,20.3905
1skpl1n8LhOhKZHeA4DC5kgAwnWBJMLG.txt,74.6137
2LjojiTT5HpKzNcsZvIKJ44p9Ux8s2KC.txt,21.0074
2ZIGtQ2DVfWWLNI9spszt7Xi7F3TyIcq.txt,26.071
2uJxm13T9GUimBtaUKFqdFHO2laZc1lm.txt,62.1745
35j9I4OC2P86jF33Nry07S8vgyir0Ni3.txt,65.0133
40Ld7GUvxAPD9X52OfHrimBKi3QJa6Xl.txt,61.7904
4INkAm3chNn5id0LCmi5H7bl8R6MtPtL.txt,22.0092
4uaa68doUKzlkPJ82ckLcyfaegrPMGrk.txt,20.7924
56HvReD0AJq3NFrjGWc74F131D9Pvv5g.txt,80.7525
68ggecqdWbWxTGOuCFwx5LUv7WMZCQpW.txt,84.073
7XZFAOSThCfylqk4ftFhbvgvCzg0uvx3.txt,84.7958
7yxIPucOycGmNkkmdIrOiKlEVCxR2ySj.txt,64.0095
7zmJBG2WW75Yfknj0Hsv0G9Na6xxCFU4.txt,13.6403
8WrOk7sqxmnZxEd526IMqYC0xVhqp0Bz.txt,18.8331
8o8NEijjElerxV9kRZ5IjVP57GNdBq9H.txt,24.0759
A6ZSuINzVNJz1v5gPlmuLFPz8q5wrRzw.txt,22.9909
AEfyZ86hr5T1YRu7KyqQWxv82ei0zXWh.txt,61.1951
AJ1ghSu9WbFJRHKEIEVdgoehVsSMKnjH.txt,89.2896
APjq2AE7HGS8fAR8iCuWVEHHw6x3K8Fo.txt,65.8872
AQ5smqZgBFfJJZx7IjXoyTzw8SZ7Xh6q.txt,68.3222
BSv7E43Sc9Vro6TQcctlOjEv5T2s2aXA.txt,84.0902
BYNirPjF0VQZT8QbJ4IZLhiDmRQHOhTF.txt,37.5866
Bn4FSQ99uht1lXRr4JLggnfFNag4s5kw.txt,64.1414
C7LxvhooC3f7lQPqmKknJu0o9VaN5Krn.txt,78.2639
COVPF95UeceRzisVCigURdOe7jwY74YP.txt,30.0614
CtoE7KrSNKBR44MJrNMgHEUFGRGVyVS9.txt,43.2867
DnXrwuFsHBpb5AMa9gGk0b15ZBCfCjEn.txt,74.5881
Ds7aBP8p1TRBqOJBMP9IDFLvCRwcmBYa.txt,39.592
F73vkyXiVU0MRPPAwKw4RCOVstaqq6kR.txt,87.679
F8cwZaFR6WHvf6rEMJYiiZbE7X0H2f5F.txt,34.8459
GCUlyxxaWbNivUnXtQpVuEa3mQt1LZDD.txt,32.2656
GWnZZrENaQ6yGZnhdjwopCRPoO3fk2Fq.txt,96.6497
GniML4Xa81KkARLfKeH5tQe0z4FE5vpD.txt,70.3722
GtJRobatkWqWthiHjuq9f1kL15NWcSTA.txt,42.87
I5l9gEihfL7HQ0XnWiT45rXIUqGaDYet.txt,64.8197
IjgEcuNOrHNaoDfTyogRMCWuaivDBnde.txt,63.6886
JjrdiRFub9Crhqf1ZSwGuqqk9xpRDypD.txt,71.2548
KRRthnr1YiO3A5lCGkk9vWvFPZWD3HLW.txt,85.5811
KTNPWtkhUhvuDZ8cjc1VGp88M1zkeHoc.txt,71.9399
KgoIZ3B11Xv0zNMXFkiTHzvkdyEmLLG5.txt,37.0926
KnntO3uZmV00ZkadjFaAJpROr3xAjq24.txt,64.1074
L0xpzmjePNmnE5CVnTdLjiKH41Tv2VU9.txt,67.7375
LGre90cqShDfK8jK4RB4CQXsmXHFkyUC.txt,78.1541
LLEq5ZvZxEvw44gVoE6AWjw2tSHsxoCD.txt,54.041
LVD4zcpKJk1BiIdz8x9WL9SyDkqgxwgL.txt,48.6578
Liauc0iA04G3l4uN9yYT6dGtl8QWdCWm.txt,58.7392
MCl71GQ1dP5WpDjqBF8j3Fnvbi6BaJmK.txt,42.0776
MNe1ZE0Cs7ERm3LqHY1YbEvYFpbqVdcl.txt,31.5432
O1AIbvWTcz0DM5923Wf4LeAX5WpLJpsV.txt,14.8244
OgRW9gjpfsRe0lDc0ClReVc54a0a7vlR.txt,43.191
PxZd3mgHScdaK6VZG8n8KknZSwggAFqw.txt,17.9348
QG32GEzraDN8oDpfnsa8BRQbqwfDJEYv.txt,30.1124
R6i9Y2Xa2zg273Eczoo2sX7vkLJ8FXaF.txt,12.529
RQT5JeRVYTBwtMkR6MWc7lHMtIkfoRDo.txt,88.4405
RT8xqfl4Wj4P3e5RBj0ClXSw355o4LGl.txt,36.6431
RTnH6n7KTXttqZ5l2zEB2SJRj5wnI135.txt,44.3514
RdPyyD49UyzXNn5xhhwWTy8iiLBUhOtG.txt,64.1014
RsExhGIk31EIhawzh0xDJAcM6iGW43gM.txt,78.4541
SFyHrpYgPWq1gcd21JnybE4DCxmuTVs9.txt,68.7656
TuaFSBMNOviIwmv1dkp8FFv3D7PvaaSQ.txt,75.8887
TvbSOjxi1xGe6lyvdDqpHYBOmQzVqttp.txt,75.7656
UEUf0j0zjwB10iTUTN8OXcobARZWy4xY.txt,18.1991
UMScNeYMUmdkaWjQmapYuhnbPP1o846F.txt,60.8903
UTFCYl8D6yKjHXXIMFgo7MSu92uqcdlt.txt,26.1286
UhkRdUyKE9lzd9bFgIOHdg32At87FNcY.txt,41.7502
VLJbODqFBDSBTFItq0bToZBNKhnKBnUI.txt,19.9175
Vu4SurvsESwtPTlMoxHwsMIp3DOXuYsc.txt,65.5682
W0d9u0BCcrk0tUqBB9GwPBh3Y6rsFnKo.txt,22.401
W4GtQcCpwT78QRd2KpaeWFHUwiVHgjkh.txt,70.2867
X1cJx4ZQtKPc5LmxgOFGXteeBiBucnsp.txt,57.1757
XgUpITA1ywHicdGLSBMfI4pDHMwZPWbz.txt,14.6759
XqYMQ6iW7E3zyptTcjRHMRjWxvU1nOOS.txt,38.5455
XzS3iSDjxuQ7UXJYpn91fu7KJvBAD0xl.txt,86.5533
YLsp73WKvhs732avJSXxu11CO9NqxdKP.txt,28.1737
YM91svrNUCL33tl467GBIqZ16XiHumrQ.txt,79.9072
YWrZFBP93Xq0Z9o1smBfNDDYdh6OKDJU.txt,29.5166
YfcZkT2GiPnN5DTNnzv8jyCZ2mMXJf5h.txt,73.2693
ZGjpYMV4GgclXGkbAK7MFAzKI2NacOYI.txt,72.5161
ZYGQOZOOt2sqcPFNfaCHCmxaq99GTOS9.txt,60.0893
Zl8bz00C4QuqFI0ZV1OgpRPpZfBLjoGx.txt,35.1817
ZmEeCyOpmAgW09PyikaMJPCO6JUCbVYY.txt,72.5351
a1uPoHU7WfHc9SxyTQvFIvtuHsXB1651.txt,76.0298
aClFYVXQpW7ighNsnMdOWLXTdsjQWBZ9.txt,42.8977
aFCu3wLrCYWfOcCDpkewcP6EHk366G2f.txt,28.7043
aZJuXK06VNgI6Ii2Oe85RlFUtJtZ9KGF.txt,46.1968
aggJIM2Z70dykNEsQ4Kb8voSe4Sy4nLR.txt,24.5419
ahL7DAYFiZM6s9WkKKjNGto5c4vUIAHs.txt,33.5172
ao4caslZnxAlOixqDpOR254FR1sCKkmM.txt,30.9944
atUga4IdgZqYdElpxlA0wJxbOoUUPVkl.txt,25.4642
b8xMVYfWysrqjBXtuGvLUVVoxeyWjU2s.txt,53.6804
bVmqpRLofu3Tj8cmD1ZlUS6dkbcPGpPs.txt,28.5457
bpjL3ybkcUBfpGh29h5O6cObV4kSnqDA.txt,54.5232
bvAMhX6Aq2oFFgIPUBWbPRjcxv5xVgXE.txt,15.5322
cgMEOkpDosqIHhx6nPDya08l1gV9TO6Q.txt,70.0065
drqWEWxySFKomWwmY6rXRnJXYa5Rpy7R.txt,79.1262
eOaa5mHymxXQG4n3Rl0c0R6wwmuNwiRy.txt,80.8559
eVTn8QyK1SAKdbQJiPZ42gAHsS9hODNd.txt,64.5
ecuK73C2CVYiX5WtOootbv7CMLo98gmX.txt,73.3053
fDVrEYjP90h8gGGYVUdD34HnziDq2Eo0.txt,71.2419
fyGKRZQkVDy7oBXB37Ad9p6iLwvmGlll.txt,64.5466
g8INqXCeUF6EP1U2BWT7EM9JG7VxdGo2.txt,37.2175
guksReEwTsXFKOyyzPzXzdrsmxXDmsF4.txt,13.5832
h0JxwE4fRqQ8TvZ4Sbpp1B2WMCcFxCIi.txt,23.5713
h16vvGaL4yCJhtQLv7GMt5LNsxeVDbCn.txt,16.1474
hRP04CunswBfSx7iKkASCfdaB7Yr5REH.txt,40.8666
i3xvNXRdRFQaq7AZSrQUNZNSVmqlrMJj.txt,32.5521
k5VHVHaFzGJh6GCutcXNCyBKLJuhsHrA.txt,60.9307
kD8WVmrVc7IweDAgr77PqKvDuGsGSlo1.txt,21.4549
luk7VmudjsqAWLiVLHwy8dFkEOhKgxPY.txt,66.5662
mRfIS2zNGgN2CyTXLTuqI4xi0geirAtZ.txt,15.327
mjU20INP3o361hFfeaF9WQDfmTMwZCXb.txt,32.9445
mw45xe4qJNmq1lwofR7CjgmmzmK9chWd.txt,42.1736
n6F64A5iQC2CXpn9XkUPKorGI8riMlNo.txt,33.9602
njckc8G9iGud8pTm9ookPLeGCUyO6h7t.txt,75.7076
oQgFk91TeJ82yL3lvrcxTVtYXVcpqMYJ.txt,76.4855
oZkDG0gPWiuiyxNz0ghSPEwLJijv2McZ.txt,29.2143
orRZvOSdVxutdOI53WvWizIMZUm9ILuf.txt,21.6275
oubMCgfvYtm5TPkG7Nj0lelenqia4XhS.txt,36.6281
pWIvkdk0NTXFpkfZsJlYijDBuRXcqI9J.txt,25.0594
qx1oTgyKAdLvMyIW8HJ6vMGu33yPoVA7.txt,13.3296
qxJQPNc4Pe96t2fUrpMUTsG9V4z0wlkS.txt,12.2745
rDVU9UHY6P7y10G9g1VOtJVglm1DUdVL.txt,42.7058
s4W8bH4g9MlQFLRGxHySfi2HlaXfUh8x.txt,28.3173
so2ofzAwFbQqDDFS6xBXHqPAGCkNjGgb.txt,84.3259
syyktQgaNDeDdR8RxArw6m7l5BCiH0hs.txt,65.0891
t3ZXbzL0RFS5WGGSFSkjC2gNXQUICU9H.txt,13.3458
tOTKMPmllXMXMzX9Erfr32uAUsbpxBEe.txt,71.3084
tZVOqcfs7hxxch8eeK9ACi4A55oewNdJ.txt,79.1031
ugnsKNn50ASMWK4oAawbqJxTHTN6PD05.txt,41.3777
uknFTVXbn0Ur8VcaFCJuE28x5vtufVS5.txt,82.421
uvolhdkYv4vDk5JGDsszs19A2KSILKmr.txt,74.9456
vX3AnYzKolbgb4zNh2Jon2z7jYIlhOQC.txt,24.7222
vj6zCgFeSAXlSiuqWZfoVDhHwZuEoTg0.txt,21.1668
wOydb8C3fjdFarYXuv7nA0nucXqsB6z5.txt,25.7159
wbA5IorafmRxYZGaAW8UIIuJ6Zfu01Dx.txt,77.0472
woeCW7Z2n0OQFui2QmLXL7U7kzWzEos5.txt,46.5068
wqDQuyVIKxUECYBkNsY7hrr0nSCT4w72.txt,48.7714
xEfQoxQD8jgS5ZWLYSEoR7p0PUNEM3r1.txt,29.0258
xPFUaBghrl5E1R4jtQjUlOHvqgOGIeMf.txt,79.6424
xeoNW9TpCNmmL9R9uZEq43o35pbazQMa.txt,48.167
y0tkI5jWFRBhPSK3vcYcO2hKUDPBn3E2.txt,22.8867
04h8vFbTvIK9CwHKyfXAxYGB4CYuaTRH.txt,81.4239
06KZ9ziAknWTCepTVT5otlYrH6z7U0es.txt,82.6895
073XkxwQ3NFm0SLQiZnJKYRx7VYdDRNv.txt,83.2277
07eK7U15lIVrvMzhh0xFAT7cHj3RIAal.txt,12.2816
09JN3HJR4F1O3IzrH5XUaPs0L276b18g.txt,12.5413
0BCWOfUo19hl3ALnozZoexx0WiDpIIKq.txt,11.8203
0EeSUY5qhlFhG7OpiPW0snvtmwUJUNMV.txt,62.6474
0ForbD8KAHCRbupeKAEVnKuHYqEGC2r2.txt,53.7232
0JFrLdMmvep79t8TIEDLPecGTCDtS9wE.txt,12.783
0RE4nfK4p13wBYx3LlecipUkvcUTRNaY.txt,86.8734
0RnqJAoG0uO03HcJVLIpOZn7izDybHbC.txt,13.3836
0Y76ipF5LOeLPjkZMuVtYRgqhOfQ8iPH.txt,80.2397
0YmFGxe7VfFLvsjidtWxctyMX5jzDaci.txt,84.8656
0bAzU7fOP3QzH8HTac4wOdCLZhGTEkWZ.txt,94.2605
0leOueezwm7IE16pwIV8w9z8tizAQyKx.txt,11.9119
0om7P2Zjd8DqNYrwUwcxTstA1cwN7CgE.txt,84.6809
0pDg9DmkyoNWsOTmcnmIqfO6PRxXETiU.txt,91.701
0ph8KG1NfSLWMFZC7H1GioU5GbnS2vY1.txt,85.6221
0rf74crfykmpHYOCg0zicEr4nfWpBnIW.txt,97.7225
0uCoxeZQU6zFwEgAqgnuk0hiU1utLwaE.txt,89.9172
11GpfRGaplTs7H3VqoepUuXcfA2EZfz1.txt,92.5143
13G6cHev04BMvzljGAFNSOUuo8sShmVG.txt,46.4907
14St2OKdM0ouvpuSajO2E76Yr5S2dwUW.txt,90.403
14iw0mHqCkEK9SRxhpSeRSjVViEI4ww9.txt,88.8881
19cs5wLO6OmvzUk67soX1VWV955l3zg9.txt,83.0524
1KWCh0bWz0C0cIrH9xRFkzyCPp9ZApyG.txt,12.6095
1Mnb3YJWHS8DkTkdkSI6bwCM077wC8sV.txt,58.0064
1NCBmzJExcSg9cVfRFTRYn8ir8zr8cSC.txt,13.2328
1Q38Y99G2fpgKbuBTKtszpH2A5dm0FtT.txt,87.5307
1RNjtpWBJYCj7668eN3J0faAi1GFvU6i.txt,63.0257
1ckCFIgqQsTWeyF9WqDmbq1zoyy8aWyu.txt,92.9786
1ehE0u7yAXdEmLXEGlgJgtEogI6yAw1O.txt,87.6566
1fWEgdmziVwAi40sOTYbXX33nLxNIJ4Y.txt,87.3535
1gh7qymgFmYIpsF5rKizBJfOUnI7wuAt.txt,52.2898
1xUbjmMT4uTq4g5bfazU9wGbcVG5rgfJ.txt,95.3524
1ykg6NaWOynyJaMQAQszrVhGPMcmta2x.txt,70.3119
25p25Cl5mAGe1rcjYQbL1AVLMLlg047t.txt,89.4168
271pC15XBicJ0xFTzcCStivMtXLghHBm.txt,86.3677
27vJ8UErqO881gHMErRXsU066CX1IsmZ.txt,11.4531
28JhYROrC3gSIUcHB0i0C7vN7wgM1P77.txt,53.4675
2GKq4rZ1oBJqsuWANUDX2erMQg9yRnUa.txt,12.5417
2GqVmFVVb3FwHxR0M3C3DPkXg9dFzaOV.txt,49.2302
2JU7IFSdzAv3DYQQ5x4vZyxlj5W7tLIq.txt,67.1368
2LY7A0HBpprK2hgoLIVqWR04XORDb0Hu.txt,85.7925
2Mp1HMZ2Pc5kKIXB5ukBppwmHrIaYv1p.txt,56.1101
2P8c4o4UqRcKwTssYB8FAWdeVxjHYRhp.txt,51.5476
2StPo48nMLQACmNVeaVbL29eDHkFcATi.txt,51.4752
2UyduGjiVhiph3ztBHVTdiqjdtWNpMTZ.txt,92.0415
2VMTU54dAigx6aEXKbDOMjXYJFsA40vv.txt,53.3427
2a0U7XvB8aUU9xy1RzmVExCJM2ePPLFU.txt,11.1659
2bS176Fz0paS7gPA2YspJXGauWH6ZOZN.txt,84.8888
2c15zhPhW5BrN3GcBWjjlkQ3JESiejRm.txt,80.202
2lWdkyh03klsRO8f8CenFRahpbRUNmXh.txt,56.9291
2m4BHjyj74sRxj1wbivdfo5U6Cl7lick.txt,85.4939
2oeDs9c8cORK6A1DvimhqzMrYMOTBCm9.txt,14.4836
2s1dZtLJnDhOJ5LW8pmAgfrpFkRZeZYd.txt,47.0498
2trWPWNzIjSrNZjKZBkzt40V2dEn08vI.txt,47.2563
2z7RFtoNbazkttHwQT7mlSGrIafDwQTR.txt,13.4823
34uS8DV6WaxV1aWkQE86JgW2jY4EcSVD.txt,13.2744
3775JDssdNon1WZ6nxDCV3zajK2GGn8f.txt,89.592
3CqnnrpgUVjHnETEzdT53FE6YWOetcoU.txt,78.7786
3RHqi1wdLZiErl0cByKCa1BHVeL6jWrx.txt,61.2367
3WBRDAhVhMr1g5t76aFfcS1JQbe3THPE.txt,92.2662
3WNeTx3OWftKzQzTCKtyP8YWWi89ikc5.txt,90.3156
3XPcDeUiPLgyqYb8lnv1YGuAOFm6LxJ3.txt,11.7509
3ZXfu79w9LqZMcZuxfLz384QSSQA3j1q.txt,53.0692
3hZC6HSdlB3KK49B1R6aeyjLCnY2Uqym.txt,53.1881
3lWiENjOR6b8p7XMO8wXIguagxsY0GVC.txt,60.7954
3qLbAbBewIAHaWpWIO9IeQ2ON0m5IWvY.txt,13.072
3tXucY6r4wlRQNrqWNjkKoAlAb40Dw4x.txt,48.9302
41uT4UfBhBqO5GLjpwkE79gQFDQod5oG.txt,54.3877
44rBpr8ed71o6mjwGiuGsdn1CNyKMN2m.txt,56.6233
4R6fmH6Qjtwi6PUQ9hOCKXXQdjmcCpgU.txt,54.0129
4TtikfBYn3Tk44OMedf33E4y7abvvDYj.txt,81.4777
4UMI2yqfoukZyaup8XTKjek67XkTQ78q.txt,11.9872
4Xm5STT9Tc2V20WeuOHkk4UL6ppDb82Y.txt,83.1381
4Zl41rjHAtQanK1ylB74d8p7yijamrhV.txt,11.564
4cdZi2eJxxynmFTXxlfbXBlvq4cUW3Q4.txt,52.5456
4dGrDNMF9RzNqvBkmC90xbC6vfRWIBFf.txt,49.6419
4qYseGQRVjYcujtoKPqP6Y88fld7yVYw.txt,83.541
4s2nEsz0AEMehBJWuyO41DnAVJqQAccy.txt,80.2566
4tgpGpqD2eQnflLZhwcn3BJs9XpmEZWs.txt,87.335
4u0YivLOA85qZxQvIBGWLI4lseTIdfkD.txt,13.1958
4upHoHaLSsz1IH0Oe7mO87nBcIxpbh4x.txt,13.8543
4wPBpKpsSi4ffq7rXEm6Yl3K4XcpOzvs.txt,13.9832
4zVWgHkp0iWEcmYiayngT3hm7gf2dRdZ.txt,14.4253
53n8jIQwwi8Nly1OPVakKksZx8PAecYA.txt,49.0049
54CG9AIkLwflc612zT1K7QIRWp70Kcbm.txt,85.582
5BwiulPlNChYPrRRwhQWsVQHE5yXx5SX.txt,90.9338
5Db2pVzawJseVUbFN2isnZNPTLZ4BW3M.txt,62.6993
5FX1Fnit6p4tsahSsDHpUg5y07FvlgGL.txt,84.2912
5HIChGtn3C6vnU1BSjJNeXj2FT3MIBVm.txt,12.4395
5KYtaMCJ8sbHquILdgYye8oY77ShRlrV.txt,12.9577
5MpQwfpzCh4DoEbq0RTkKWOhpRyErNMS.txt,54.3082
5PKC1FNNumWl8iKbhD2pLeYOgwHvSNeF.txt,11.8961
5WBg68QbndN4CRMLRxPQITjPZhyPuxXE.txt,12.1118
5dXs9AU9UUA8txX81SkSD68OKfQbo9LO.txt,54.2445
5e0HtSP7mWr9qwu98axuwUqRaBfCs4gD.txt,87.8656
5i8Hy2X7Npc9rUnM3WSh0OOc9KUJ3gzn.txt,60.5785
5k8qB3Qh86Saz7u96AYJHOcT1a5Tn3Ty.txt,48.9627
5oFkiY7lDHdeHy2mEFfdOk4X7QMiXkxZ.txt,10.1786
5r8VEDrHHNh12YpcOa6lMaLgzgbRTQae.txt,12.4289
5ukML2KmYjwLokSk2yvmVE11yytzHIkn.txt,81.5576
64uNP6Jro1WPXoBh59BwJ7z18rOJZRYI.txt,86.4922
658NFd6arjVsHN8hZMsCKDjQDE2KjpXI.txt,90.3505
669qptoptatpAcILG409NHJSNmA2sxrN.txt,54.7481
6J62ykMUtbx7BHvbI6RXFRwzm2JHSu5t.txt,47.8983
6OLO5G5lGniTx5yQcHLUUIASGjYCEAK8.txt,87.9427
6OSWAj9vdSij28BC88mdgOW1fmMTTHpW.txt,14.3835
6OesOJpQeP0pAzAXDLlA7PJSYb0FIjrg.txt,46.5338
6ShpOCuMyW3qH2L8J3cnxyIqTydBuHEy.txt,48.5585
6U4mKGrUfBqU52xuvDZDWRgj1AJHzaks.txt,77.1627
6W4OQsqRc3dkS5AAGSXzk05IO5kLYITq.txt,46.3197
6WhBIzchIpvXtKI0NXjQ9Gnns1QF7X5l.txt,93.6682
6cAJrcG3kVJ497ykb3265WQj125p0w0I.txt,55.7061
6dbBQNoZ8jcTKzhm4Svjg1scGgBJuo9a.txt,85.7747
6eZ3cC1h6cD9PBmkDspL8zbkMWVG3efC.txt,12.534
6fByFgbxFPtMIglZdt0xdZzqpSxEcPjw.txt,93.2846
6jY9lYKEGOZSXQXW7FxzpFwxbpyToqZ4.txt,85.786
6kLvI5KEPpNqc7pY49qgVXLFuf5fT5KC.txt,42.0538
6o6f5IWejaitfIe4uu9BYv3OKf9R3JXo.txt,12.3757
6v4csR1HRf7Xrs4QHLI50jSK1auKLADs.txt,81.0937
6zpS3ttaiZS7pGZOVVxsbp78XDtcqSPz.txt,13.5383
718bkBb4exztmNjFY9ptDrRsHJina8qU.txt,12.9859
75D0BJotPr8XMkx7zw4nRGcsenkqw6oX.txt,58.0696
77JXy3F5e6gswoyI9lJgQ2cBhpGHREvV.txt,55.267
7AL1IxyV5EBHGgkaqCFO63EbyRgYAJwe.txt,91.949
7BFMT93XUMf83RE7QJLWObUv5ruuDo7V.txt,62.2629
7KKpGeaGpR133pefMzY5uGhUNk8724ls.txt,12.6571
7Q9bZ1ueFLbHDMum3Dcp5yDYkGno1azi.txt,84.3626
7ZpXmzcbdyv4ZsZufLPBO8chhsRDXQpC.txt,81.6598
7aKRAHWtPmnQDv3XMYCPq5PT6wLrxsnF.txt,55.2047
7grkSJvBxz1pj9sMxuvCNlbFdyqQC4iG.txt,52.4702
7hQfCxpWgn3138Cx5BrPxqNRX1SZ5vgI.txt,10.146
7k9ArOrFv9urseXQ5jTZOgHCcFyyZ82H.txt,86.7419
7p2ey6su7EmMnDxEsm4UhIoXmI5b70BP.txt,86.4833
7t23vzVvRgK3KGTi7MGv4uUhuUBoyDL0.txt,85.6962
7tClA8VoGLGaIpKUX0JgEMMsG0HsDStT.txt,57.9864
7tYYYs5mvUqd1k5TCBhrpD2OtAnaX613.txt,11.8601
7wGFOu3DzmoZf6Vij5MUnFEBkXdjbpiS.txt,12.6639
7zNMXdmqqRGzm9iGWY7dChEKBBhpO4m0.txt,50.6977
80OzgIvrYCerspNgc7gpgyQK2HyCc2kf.txt,13.0896
82NJbgdPQA4XLUOLeuqzKuHODJ82nBDJ.txt,78.9513
8EIBb1EjQKxNc1h87OkXEZr96CZ6wBpz.txt,11.913
8GkrOxKxTWl3gMQHXW0mpAZ75ObBNZVZ.txt,51.1709
8Jnl1G6znqCe6T9wDIsGiF1qd4ZUpC7o.txt,97.7013
8Lr6pGwViml1JpDbbbhB1JrEIr5qwDa6.txt,86.1509
8PvrK3FfZesBOncgRSOBP5l3YW4YfEUd.txt,46.9343
8ZEtMaiWoUJO9jkchjnEMfqzOCVxKM9Q.txt,87.2064
8aZcnJSQoHjqwxo5m6toVpwoPbMVFxGb.txt,98.3051
8htT915ltBRbVtZ9eT6tnUd7AkH6n1QG.txt,12.7774
8kX3kYJ8ZDbLGk7Bt84DYcdKj4O0YxF0.txt,14.2117
8lEt1Lt9NugHpKKGWWkkw7Ucq0P1rCNK.txt,13.653
8pUJzohCBR90TPt2zdvSXRDcTUgYCajT.txt,13.1786
8tY9yRVqsKakl59UkuKi9nTwMbJF0rn6.txt,12.1445
98E32wJh7zsP7kiKfqTOJdizPfpRGDbW.txt,81.3993
99vwbWCPAj3xfSfxVfEYQx5nMn9NSiCy.txt,55.9187
9FBk6E9ci8xavOeY5gYj6MZFuWcMKSq2.txt,54.2668
9IN0OLMLK9FiBTnHuHtZy5uc5oAfZQxS.txt,12.9546
9NPZbZ24jYNv3xHBgiN2TsQjoUb7iznb.txt,13.0086
9R46BshBzVNPh1rLH0kcGi1b2a4qebK6.txt,86.6293
9TF9XZu0miXCXNZ0X6hUIH4jnrx1c0ek.txt,78.9374
9XzBaI71PvThx3RbROVIvjG7HcQlLTD6.txt,61.2522
9gGfKAU3k2uVGI3QZyvcCCC7gpQAjTl9.txt,55.43
9hWKa41Ef4UmRc8ruskRGS2GLpV1kQJs.txt,85.9593
9jICeOIWHuxIOoPYyV1aHo8BblpXSfC5.txt,45.6599
9jLcuyM98QUU3LgrelkJx6c2oypc63VS.txt,82.7614
9jSQAUNpTEW8uaDp9N8S8pcZoL0mpxTN.txt,83.4411
9mGl7KCBGetn1YNFLR1lwIP7yuFYIQiq.txt,57.8755
9x329vFJcD8sBHc5hemUAkc9ZZiYj3ho.txt,51.5322
A29J5TfHsfcFidWueNIc2HSexriqEZUj.txt,14.239
A41ofrlAcPe5THODaIzf5x57sngGPUYO.txt,56.24
A5OhGGnbm8th2MuNrtpbe8ONNcnh8mA9.txt,66.3962
AAxBkOecVN7Vw5vtlxyl4zevBSqIpryP.txt,52.445
AD9dnPbgN6gKyFJy97SCxwJQxAEQldLQ.txt,85.1689
AKF08bfMbp5wts56QuFOKZntUwKMTShV.txt,12.6176
AMwfMwjh50tEdg779wTYuVaBt2gmS3Q4.txt,93.9747
ANsmmMYlZkw0ilhoabfosBxjhzVfXLlF.txt,11.9771
ARR5QLXlRmzMIirW8FQU5c5SSKcSw3LP.txt,83.6902
AS8wfXfNuJYRw89hftj1aPqhvLC0Agwa.txt,12.1802
AXLBstBX118tFy12034uUgrTxDZeW25e.txt,84.846
AYonmWXulD7WQJrAWzmQurCQqWD0ow6N.txt,12.5832
AYslzBi30D7bm30ROxWRxl6uY4DFjjmL.txt,50.3705
AZDO3qsogtgPe86XC6hjVf1TJYY0if8t.txt,12.9993
AgboIh5YZF9hf3orOEq18lKLt0h70uWc.txt,86.9268
AlWcyHehrbyioS2eRPftAhZ1poBA0Nco.txt,15.0885
ApStig2Q2vxREtAr6MHWDj9UZCACf7p1.txt,12.2439
AsrlWk08wV5ePIPcz3LwAfAhcJzJPztf.txt,54.7218
At0jVq85p05Em6wvsddn2yTJKYzBE1L4.txt,87.6225
AvynuT6SngUaZ208RK18aMpowBYmpQ8k.txt,55.1941
AxNU7hbMkwrTmMvDMlIgvrvlU5C6z3SW.txt,56.0211
B114m8QGPjTosDo9y0prH8slj3D6ixhx.txt,44.4817
B4dEmieUN4vLDSMaPOiIwwQ2ShRYRspr.txt,13.1181
B5nmn28yf14ad2LFS61hnLWPeZ1GvFB7.txt,124.6425
BCS17SuK3024sS4Pz8BujXDNhwB6tXMl.txt,41.6897
BEfkGCwx85ZMq4HaKkotxXssMtCf9D1N.txt,80.5029
BEhzzIWaOKIDxwOiBdHA3XiqfZZheSk6.txt,86.0312
BHdpN75tShOwg9tWNCziwczymaQWNZ1V.txt,69.8885
BSFCY2fpBHB0RXAgzrt2Z6vFSvXjLz1I.txt,92.8634
BSIR1JQ0cpVSel3Pnl9lnHoZzCKqSo3u.txt,93.3207
BSrD3ryuapTU7uAHf1jwhrQy9odbDecj.txt,88.1982
BW9e3SpU8KN3BrRqGw6jTBEvRHQtApo9.txt,11.4588
BiRDgDstevxljeISwTzHLRQjdZktlUXl.txt,55.9772
BkhmZ6FUzMwdRtmOtlq2xMLlEUmvisNz.txt,79.6209
BkuwIL5ggmjy7ybnejfZjSByDnZirVCD.txt,95.521
BqnFD1iqfJ9PDdxTRFM7xeQRcs5i7rE0.txt,91.5196
BrXT0s5H2QIeKztOFMQ6MAaPeMgzinSX.txt,12.0081
C0c8StGuC5Dn4xRUazFI28j8RCMh8NHS.txt,43.1249
CGfQwldb9LHb2RO5dIpAFx3LeZJ9VWU0.txt,16.0777
COgCDw7b7cNC8u868bYQPUj84MBUGX5X.txt,87.5866
CXgdqthY7yp7HLgQLELrpm9RNO7eIMmk.txt,66.0212
CaJwieYuNmLSvC7DtosvLxftKCRqGAOg.txt,12.3478
CkRf2zztRkrW6IUjRey6IYBiocm9oDCV.txt,86.8666
CnkkxqImrFUQ0ryOUxCeWcVb1SwIa9Aw.txt,91.9259
Ct2jwUEYZ6oKWE7no4PW2F5irBM3iFqY.txt,88.9694
CyImD7yFnXd2T0dJ1E6eXcoTQPFLGnHp.txt,52.6386
DLt8dGle08CEHo0hleyc8vN9Wd3XMH8w.txt,83.5454
DMtWUuYgY1EcjTtBvISQGktOxKpYXzit.txt,77.5615
DQDlYA8lLsTR2ZgzstlEPrXLMSOKAlpw.txt,63.2396
DRuW53XHbGwVxldySuTtkHrhWsT1wJd8.txt,98.3982
DVXmeOaNTqPZUc6IIooMMGq0Oy0uuECT.txt,88.4233
DWvlAhWsEAqf80sWhfpRAYcP0itT7TGk.txt,53.4814
Dc3nxyZiHNGnexe6qz6l3IJKNKY3GNNG.txt,89.2612
DigzhrfqdUKbeV84iUoD2sP33bsQh70I.txt,54.0109
DkWM9D0165COySkrEeLr4kX7cG7uxGmH.txt,12.5644
DpH7ElifPnnTXep8ipZKUeRDO0M5EiAk.txt,84.9011
DsYN7qKSStqiOyeVmNm7NKpnceT18MAk.txt,11.7649
DuFZOLH71XS5Bg4JD18gEp5NuiCi7vBe.txt,50.4788
DyJM6Z3j6H7DQxl46bEHnvd5k5CCEj25.txt,52.7197
E1r7rqEU9kpM2eEaPebuG4FM7VqNPAPs.txt,85.3419
E2GYWCDTsnZnZzolK7SCscQ8KNfZz0jD.txt,12.4906
E3Hz4sZ4mxC5HUSeG2oDwr6czpxd8iyV.txt,14.4038
E8NTQb4LrSOIFTdJ1kMqu8aQtf0IlXCG.txt,13.4118
ECgokUECRGwDusIWdgeTNqtD88xfsGn8.txt,59.4283
EKcTt3svI0ofd56kzssQENmfjS7Oa9SO.txt,87.017
EKwD2VMwhQ9XpH3ua6bUd0KnOTrnME0U.txt,58.3617
ELMX29rDsYGwp3wjxZRKNtg4DRRWlhuL.txt,37.8846
EOd52WYCe9919K3HDjioQWIkGDAJoNtY.txt,12.0243
EXae2LP6hMko4K66MI2TMqZSZPisfOwx.txt,51.015
EecjZqOqLB3RYAQ0DvvDPQKqVmxWxJ0i.txt,15.9888
EnFkhQYR5gkcYg03H5SHZ67CM7ozejJh.txt,13.201
EocQGDI3bWtBXVEKk73lDm23VVqbHLTV.txt,81.3185
EvLzUPDNBFodYHxmgEgRW5S8wiS7xnQB.txt,51.4634
Ew6E8qmFaX6S6DXOlKOS7mMuBKshYY2s.txt,86.027
Ey6x13fgJv1jwkk54j35Xd1lCCRAEcWf.txt,11.375
EzVTsnNSiaOkbV3lv7cHGV0pk8LxJ0EF.txt,56.6406
F1wGZgHddErFq3ilIPNCU87hJLqg9hgm.txt,90.4205
F5S1tu0FLHZGvasATiUuonGS6AyRahrv.txt,86.0644
F9uXFTE7amp6lxCXwzjP8HKnIZt7xSW6.txt,93.0954
FFWO4QVR3LY5JKqJtjHyAEgI8d6zbUU2.txt,50.7584
FMjzLILTgMk3tUUFSKgVvRChoOMIWWL9.txt,47.808
FUlhV1VGJ6vweRXMfRQDBvRzinQzRSNE.txt,79.0227
FdFdyHjIZc2nZDCFhh7dWly0UVUsKaQ9.txt,83.6651
FkNZmfejaarZFFp6RdmoD98N69DdZv2i.txt,92.5831
FusWGaOp4HxUNHduzrTclUocFL1RVhLY.txt,45.2262
FygtHynuLcBEzXsa8ZEz2tRJA5F9dumP.txt,86.9624
Fz8BBNHVZZYZu1gAXo5jc5jt201qknY0.txt,50.0058
FzB5dDO6PJBrTpyeOlZsMLSfqNOvM8mC.txt,63.0316
G0kX5bpqe40eQ2AWpz7JFRTVOG2rHPct.txt,89.766
G6lKOFSGzTA0WQEJW1qCGIrUg6KaN6ts.txt,11.0422
G6nsvuL0HpiQhZ31L3XB8H18GYqeB2R7.txt,12.4247
G9woGlqDOG8jJb4A8X8ZtOPb14wtTJzJ.txt,57.3342
GD0sHzkigTRskmVboUHwjoOi03VUQruO.txt,89.2978
GDJczD6wQ5766zrt2ozQ3oMyyvk6DTK9.txt,87.0389
GKDNT0l6Ir5F03bJlr7RLaznlM7rnAZV.txt,59.7303
GRNlidbar1FTnNCrCqnvyWpi59h6WNgd.txt,74.8127
GUyXDAuAMpUCfPqlVnvmWFqjxLC3Z9FD.txt,57.4773
GVljaaj3Va9QrSIDFODLmhD8E589Hyze.txt,50.0964
GY9pBDETf5vVArDeC4pRcpwsJYEXmiDB.txt,54.8263
GYro7naZTJ6fHnSt8WN5CslXnvsxvqKk.txt,15.1879
GYrwalAqp9xoOa0OTdb0EqCjCLPsf9xG.txt,84.769
GbRHney2S7zwKqZdql8ZObmF69D1qWpv.txt,13.0204
Gc4whitRp50aLbByG4PRVoT9a8zVyHqL.txt,96.121
GgxsXMcuR7Xaisp5Em3NvD0K3NFMd2S0.txt,13.2502
GqtTgm0isS2fGwbGLlaFtUISX7ad1e9Y.txt,46.7687
GrQjVopQppXRvIXAj8DiOqADdpyQYDEa.txt,14.5475
GrSHwStvZwTP776KaWIouqU05WELt4JZ.txt,11.6163
GsA2mxHHt9c7zIKA0kT7kOPn6j15PLsy.txt,89.6155
GvaiMSZW3kCBhkp26alDq38dJ8CRQd3D.txt,14.0725
GyqqAd1CXANJ5X6nClNDWHl6BAgTCrmu.txt,93.034
H3N7nZmaTo5THZzgXf0uV6Y9mdm5mLP9.txt,81.0902
H3dguwLJHehErBTCRTAvZfVIowci8e9h.txt,84.0934
H626rPvOJJcqCjmWT81MfZUXzSQY35Bm.txt,12.2185
H94XKUTZ03uyP32nGLbzG0zFAfv1vzq0.txt,52.7119
HA5Z2hiyYEtgtZgBzO5xJiHc8dLyu2cj.txt,12.6551
HATfANvDqrySUqkSUOjlOFKy8IzWpb0j.txt,12.8904
HJ5dKVGO7ksoYJ4vB5DFum3Zj6rpM0kn.txt,88.1191
HTaIUrFLwLOFRa0Obuuw7N2IRkD5WS1c.txt,45.7154
HWuH4Qh07Kqzll9b95lP0QQiUYhHCWm9.txt,53.9979
Hj1JepcOGnnqLbxP0ZST0fqKOKwheG5S.txt,49.2491
HjkSw1KcsBPIodoPshaYqxmt8Qq0bBs8.txt,13.2745
HlnfqWGNCJEf2MV0LAoGAIVDgD6CEjoi.txt,12.0817
HrCNuHdTuPkLvTXxKl6FgrMQ0NpASa56.txt,13.7774
HvHp4n82FPN7Ay9cl5ZS8BeLyqR6VbTp.txt,90.3658
HzAXOnst39ox85QHUvycdrXvm5p6wqSW.txt,50.0972
I0ngxRYyhQlxtayqLwbAEJY3wiwtelJw.txt,43.3963
I3K6UDUTSxjVW6wqf4lYQpPAnetygtsH.txt,48.958
I3xLwEtwoQaehoyyzvYGd0ip0zjs45RU.txt,90.9597
I7X1Q9jERQdtp4XA9gkv0ZNEK0Deh6bl.txt,12.3985
I7mk12SUF3lppPOBPuhLT1noZixyYyVz.txt,51.5199
I8OmWHwznzSKTXAKBAdKaclGxHDxae3c.txt,85.8979
IAsRbSRIBkt8JnUgELYp5TkrY4LpoVSl.txt,13.6601
IBtVkMc3ai43FEioa27D3PyWxg9CPfO2.txt,83.2282
IGsnEVgaxE69dnPQ6SVNQE8SU4Kxj97o.txt,89.3321
ILwSbpDBC2MVntXZFIJSLsqPAtTzWcWh.txt,59.3685
INw7gFp8IaupJnMjfiPtqH58yncQ57yi.txt,95.0688
IOO2dTaPkGm0P5YxTJzHLMpILcMrzMSU.txt,10.4918
IPgR7mq4orbO9I867c6P7fmLtiJEWGAB.txt,12.5519
ITNmp8ho3oNLhNnB2dnQqNuNLUTM6Rpd.txt,62.7814
IUmuwMznf1u79qJviNWYnq8kYMWK6HUc.txt,13.5309
IWsK3yJ2fWFWkhKjd3bMdAE1Oojsawuo.txt,82.6498
Ik0TpfdYO3QhrjePg6Oa0Fi8IevaMaqh.txt,12.7003
IoVjKJhQbydFAI3gfklygzeg7nT5dlfp.txt,92.7013
IpW4ByOv2Me7A7JGwJL9rKhdFDGQpsmR.txt,89.0468
IvORKtkUfURLaplgca8cQT4F8CT6bgne.txt,58.9017
IxdqnGloHBMvOoIfdXDmc8QPJfeW4iJH.txt,14.6851
J4xH6xIr71y8iEPxGTRoqcY2uWqxwtx0.txt,13.0586
J7pB6it7AMPS7i6xBAVIgOaR0PWgQDRH.txt,61.3109
J7yrDlCMOLHv0VRtjo1vHc9CVyd5oRpx.txt,49.5657
J84XlackCRHox6H4p1gjalYGXu4mlblS.txt,12.0377
JBdP2S0nMtJNjiuk4V5hJ24pjFSemUom.txt,48.2192
JD93pWVDP6nNL2cyUf6tdYgGQfnQw0OD.txt,65.5961
JH37aLts8THNft9e894xPhS1Vy9uSNww.txt,12.6633
JOAoWG8KI7rOrYATYyjmdZvHsRZjqwWI.txt,86.9778
JOzLgvimR7KJMXmO4iQWTSDXgfgGJ0og.txt,12.3421
JRn3MAavZtVpY2egsoI202F7d8aVaMPI.txt,117.0209
JWMpIBxf894Iy3JNAujyb1PLgreJNvUS.txt,46.1136
JWYLbNRwhDj4xzZCcLY8IhJt2ftLi746.txt,16.477
JXoUbssKxT6AuQBaOyemTufvCS4oGFPb.txt,82.634
JaqN9k5UB56IUbEOTY0JYcxXnYQrrgK5.txt,50.5617
Jc6nsSEER15wxdAFA3Cahfz9Y0jWfSP9.txt,11.4398
JhGcLSmhFE7Vt2yLhWzTKn1K6ckOwUGm.txt,16.8426
JiRKGTFuj9XYnilGjJQSPeSjDqZyuWN1.txt,90.0613
JkobZLIoXbjuT0bFnhUI32IY56Ca1qPy.txt,88.958
JmErAvcruZVJwseMEzb3P1wITE3TA0F3.txt,14.2101
Jyb5Dfl9VARuvXGcCYExWrawZgkkht6Z.txt,59.4875
K4EXfAuXpsU1Kut5vKYC7oiqWif2WXR9.txt,51.4513
K5VCmaRnnX9C7iYbWOc9BCQkyi2bjIoB.txt,56.8355
K7Jh30WRaEszSW3wsKLaBwm4cvrxan2b.txt,88.8665
K7qcLyj4zLPYySBMcqfysBuzVo21D67l.txt,53.8212
K8T7zxGbMO6UowtIDYJCGAhoewp6FbvJ.txt,45.7507
KAUIx1RYCvhmulRGq8V1MvWzP9gnrA5o.txt,85.7711
KOR4NafHzrHC8LNFCmDhg68XRaQQ3iHS.txt,91.1952
KXsu2dR8UsKnHa5JAbIcIHYD3J5wFuMh.txt,12.3686
KZCxAvUA6IoJFBTKGzLyfbEPFtW3gd7X.txt,10.7963
KbGM9To05ARr1kUJIqWbnrsYemFSwg4s.txt,50.7531
KboqrD8Lelt6kwN4RzbNNH6d3C8iFEiC.txt,12.4349
KdrfhWdITfI6n2VzQTtpZcSyrB9W7YUf.txt,86.8059
KdvG34sdxlOgIPNqRriv0h6WxKzxEWIZ.txt,83.6601
KhccRLhu6YXKyPtNyGoNsTdH8IYmZbs4.txt,53.581
KjT7DkIfVtrBHhO285mCw64eGkmc2IPt.txt,46.1869
Knqu7w07Sjlt0lZ5W2NEDs401AmY5hdP.txt,86.0747
KqfK24xPCuZVHBXZNlhjOHsLSJ28MrN7.txt,87.0317
Ku6GqlavTR7127hMB5sF1swir2YFr6gM.txt,88.1716
KxFzCG7OznM8btICsyEipXjVHUZH8Z9X.txt,83.558
L1epTM5FfRNONZvhpKRwRUjEXVK7iLTS.txt,12.1888
L1uyAgnXHXBoKhDX8YztWgLuqYjR5aY9.txt,50.1489
L2tFzm0Ght60fwPq41RDgoMtSphkP1Ox.txt,87.2858
L5XmT0wI5gfX84JKRjhsKDFIanYxLOAj.txt,90.5035
L94eaChIMqoZPFbrTAn5Ce7V3biqT64o.txt,13.3588
LCL19STerlfmuM2Hi83UvI3WVtOySq66.txt,92.4194
LPlk02Ksc8hz67kumYg7rSq4xmVwJNas.txt,13.7063
LPzoK76sxrgh7h2qxbNtyLtF52YV5wOL.txt,13.2237
LQ9uIzBh0QG1rB5lMoQDuz4j1oZVK3ST.txt,77.1127
LQZKuTCGqJFpcfHH2nPCvKMx1vKq95SJ.txt,85.7112
LUtO9Uk9ZtOEOyP4NYcPh3O9CjDpMK1a.txt,55.5863
LZZ1ZPdw5QsgMY0HK7bzMDYVgNJV71UC.txt,80.7904
LgJ1kyu2gUOS3zHvT3YM3qsvttfMeE3m.txt,79.4817
LhatPe8s13cLVAIG1nGvO3KWfbqvxqZy.txt,51.5253
LlRl7ye6UHt9P0A5zJ2v96xfVHAIoUDJ.txt,88.9099
LnKu8NQ6NebAm8wBS02c3CwkrDzuEkFy.txt,52.6026
LqfCzz5LOcYp6aAYOq870YA0GmtJmXPN.txt,47.6501
LqmY9pDAlL1d1xAWirNMsIKZK6ZFTMB7.txt,51.9593
LutKB9dhSF7E8SzlMddQtxaBmnmUkN5K.txt,13.0435
LxUeH4mBOPLfeqWdIuTLhjEcsNrHR75t.txt,83.234
M6oeuVzk3aTlMgP9VrrkJ3lzK8a5rX6i.txt,11.9371
M7j7flJHtnUWuSD0Nrm13ZHH9bDksnwr.txt,86.0054
METaGOG8gzfjJ5zizjMWckgvE4SwzXbC.txt,85.4069
MLYeceQOppQvQHLvXanx3k6IlmnYVpV5.txt,14.0124
MMKSpUkFavR9vyRS2qEtuDiwIcsw84vw.txt,61.4554
MQRfYXFpPe7OimJcftxzymvpqXOAgLNK.txt,53.0277
MS8TqjtYygNizIbCjfrJFvuXG4v6HdHK.txt,87.3621
MV4eJ5EWRpqx9FaRyPZA3gKwvOYhaUjq.txt,55.4505
Mf2NEAOH07oWhTcUffs0RgL2z1d2zkl0.txt,12.6847
Miko8s0jHyjPxH3sWM0mUpFLQVsRUPxp.txt,38.1642
Mtpst8jdblrV54m9IevYqj3uuxeooKur.txt,48.0547
Mtuy10D1q7Yseks5t1HFH1Wj8t5vIScg.txt,58.3762
MvowyVt2shbFpyu6UGXtQ9PpUkGiAHoN.txt,45.479
N0rC6ZEbPLVMJXmwHdzgAZi6GvCwARbh.txt,12.7302
N3KEVynrmMtpMYEIoILZl2SGE2JANnC9.txt,83.3055
NDylhnRtVNSIpwuBc3Kn0o9F3U0EAGeA.txt,89.6678
NQvKrSyb7wIqgJQMqVmzNuezSrtIa7vo.txt,83.4038
NYZdOnR4C6yIC0IEne3YI6bejnFd4Az8.txt,68.6724
NcBQykDvB4ZBnDQxHZiNwV7MdHBvrXVg.txt,13.2643
NmlROpzSjZv6gI1XGeHSzZT3nCsdXDpt.txt,85.868
NpOxKNl7DK0IrePMYGuYI727AWv46mhS.txt,51.9682
NrmQW4nqLdxqQhO6mi6yWbebJ79GvNQQ.txt,78.2613
NvdArIadkiH7hvTO11fUy3B6lf3pbey8.txt,13.5053
Nvw8zup3tDCRjDSXPV7XjCjfb97FyDgp.txt,58.331
O17OgAnq5jDj6D7r1e7gyUCr9eacUuJy.txt,72.6447
O3xjek6FcRQsx4DuH88nJv3KDiK7wLVK.txt,13.1337
OEGkJU5m4NcYBJlclGlWLAS94FkZyycx.txt,89.1799
OEMhzPvnP8biMHEhqNDKRyE9Y4bMPWpc.txt,82.9591
OFBhcjJ0ngCS3O9CrZP0He152kuaj7U6.txt,94.6512
OIVuIfEf8qr3kGs6V2T3vRIhVQJsqysh.txt,12.4473
OJoWmzgFAdwyuCJldfbkQ4q3LB6cZen8.txt,45.0262
OMXByH3wphZr4B91tPZJW1kUmKg21mng.txt,14.4104
OMj658QRCx2xyq5xzp5x4TiKGjSbPBPm.txt,49.3321
ON1VnXcYdrXEcUn0c7kYep1s9bhlpuHC.txt,43.6913
ONUvux13lNdLnvC6tbS8MyJA7ayTivQ2.txt,12.5144
ORyIz2L2TG33clxfbg2JwzVmPYJdCMSb.txt,44.6063
OW1PwOPBoSRt02xMdFPJotlAqtamwD8K.txt,85.1862
OXgOUe2nRI3Pata5pOKhqd7W2nRDtLWJ.txt,87.4578
OZLGmPbYzBgFraO2dbWMJm1RhDkWnA9I.txt,57.7949
Obf7NOOhyGgeTGON6sUp0TyDfM86T6M8.txt,80.4508
OeFT3x3TOw3Xcz78GQErZO7UJAg09ybD.txt,87.6212
OfrhP5SxJG1yDnvVX1QjCynX3H9z59P5.txt,50.8745
Oj1Pb5EHH1BNUbG5lpQHETbpuKHqMuWl.txt,93.0998
OrTlt3DiWp84HtWZAErUnAnxREBIUpkS.txt,93.7865
Osy1JdFh1hqpAirC2CGaRsnlnTmmIuX9.txt,13.4932
OxQ4jA3FN9ZuOO8QXsBfUr5JE6riqT7R.txt,60.1293
PAvYYnq4VaA39Pa1zsh56607ESFIUEZY.txt,13.7428
PL1ZTnWF7nzLCeh9Su4jiJEzDxdSDDz3.txt,85.8556
PLFwpnufw8EezH2jD8xoWzLmyjj2YFuH.txt,57.2218
PO9lLrgjDp77QKbrznJFA0H7SLIGidWi.txt,88.5763
PSFcVdr9hCAQQiKBv7VJWzySOUJf4Nr2.txt,93.0024
PZobDIZJAh5fOgNez2ZvFYVg1WmdFeYq.txt,80.0854
PdXaZowLtPRZuczolNWN7PKul2MGUdmQ.txt,90.4552
PjizjaRpszaJVk61ZF0dIpuIUuYVm9KF.txt,48.3595
PjlN8EIBHqblmVozSGAh5ryNn2OhA3XL.txt,11.4758
PkZ6r6LCyPu8aZEmm2cllhy5DdvQEOKR.txt,14.2758
PmbLdMYc7ERhe0iZFvRHWo7IgtXCvDcu.txt,13.9594
PptgyL8AfZF5GN3RVzUBRweiypbBgFk8.txt,81.2964
Pu1klq5BC98eZgG0b2vx8ZNGU7sas2Yw.txt,83.8816
PvIc7Fm60yfB6UCGUMmcExZBuTkLyzy4.txt,53.4069
PvXobwu3yMBFBxLgWhuc4cx7lElxLnln.txt,12.6938
PvcMTIlVZSkKvgOjfqh8ODmFp7f8rzR9.txt,55.3341
PwG0U7sfPvTXUOWqCxFmXuzdBjLroZvy.txt,86.7396
PwhoomiKR3xf0mkixfYhxZetnBX1yofQ.txt,67.2191
Q6uK6CKxbyYHJFfM5MYdMtlcRqHt3ZLg.txt,90.0498
Q70UldweYflD2dkUiafveZdclvndcVO5.txt,93.1421
Q9KFlb3mDIb9hEyPeF996ic1gamKzPTE.txt,52.4658
QDGDm2MyMJkjRiLyIhxZsxUEHGLuHsSy.txt,78.3059
QH6WYnbxOdDwnWjLNOYYnb8NByxQIfGG.txt,12.2367
QHdq2wlQgKjHQSkIU9HSxYD9SnL8hB0V.txt,12.4431
QN2goglOOe98kYVNmJJn5fj8eIytXMMx.txt,59.8605
QYUOat7hIpuHus1qSekOytpBUzOI6A32.txt,12.1901
QdF3EDVFoCkW6SZi08jX1Gbl3khGHZzu.txt,99.5596
QfHYzM1g9kRxKKmTowBVdy6y8lmFPNX0.txt,92.5744
QhdlYyJS0rTIUcuRSgi15duR4eVJ8XOJ.txt,51.6196
Qj90lzp1lTP0XfYHl5yRY20ywaMpqN2P.txt,43.6808
QjQjP1VxQGIFjsTRmENQbGyOysvw531p.txt,78.3635
QoAVd1j2skfBt22OAUowZoqF643sSYPd.txt,82.1628
QtLvmuVZvk8D6mFDamgOXMmtk8OIXnKb.txt,56.4739
QyZEh9bpQIx55ikqcQs4fX2z7iffK1E3.txt,12.7874
Qz53AwB8Z6yyQpj9EnrKDWG3rnRsXCuF.txt,55.7043
R1fxxbHF3oFjlotwilLnCEb4w3kLRL82.txt,88.1993
REacf2LcVkBThb0AYHq0VLxd7mDUbXux.txt,47.5147
RH7jAOZlBj4NwAe1MKweRHxZMbTWDEzC.txt,87.4671
RJZslfxpu1h3zMiCMeI7n1ugY8WwvoAs.txt,91.782
RS57jVCKdOnJYTpOucKS5DFIOqWV0Kek.txt,94.0035
RSFxAFjxjlEn5N8OxJDGO2b3RaYTipGS.txt,42.2487
RVHGo20kcipwQlbsYKIGxDkZnAHqMrbb.txt,13.1436
RWXPIpxf1URGtPJkppkc0BI0qANGj1kl.txt,50.3927
Rc5AF7mEtYwcuuH7ZXLW9YGgcc7mYXct.txt,80.7048
RdK1QKR53LrwOfTaY3IbVuFulvLw1Wu4.txt,55.2831
Rq8jWUiudO0E7b22A9H7aIiqLts3AAL1.txt,13.6203
RrD3POQtcNabGtlwexHfNRIZe7awPpbW.txt,91.6574
RxYgIFDoXwauGpoeT2Vs3VCUAIAiWtar.txt,14.6908
RzhHYIngm2AZBCtjwiqFJKmfcGQgFuX9.txt,11.826
S6c5BVOVX6k9oKFioOFe40qmRmWji7Wz.txt,95.4808
SBoizXYT1CflPCCB0jq2UF5HRDcHLkqv.txt,58.5525
SCHnogGSu6X1fd4SMwq1olDdz34oF4Hi.txt,92.0497
SDGqHedcL5d4pZaH3EJosajbIdBo4ScO.txt,42.8055
SEtJqbb1w00LrBLTbqLcFElyTzbUpT7m.txt,12.7402
SHyNqAm8BDluZHsjrNvJuC67ptOHjkjc.txt,55.9869
SIQip61tseE2n7NJdlvAjHrUSKIrIg1x.txt,12.0053
SJu5TxkHTfgETmq3VCvgCmRfr9gQmlev.txt,60.9568
SMYn5RdLim0noFMvSBNDrhmM8a22DzjA.txt,13.08
SRYDFRgbydWB9G04ljHn9FVw28c6kKQM.txt,11.7922
SVCaHPOlsZW4q8U9dWcSSybC0yCTHOyg.txt,11.7413
SXg9iCYLG8oFT2qHAN9yBTE0DxtbU7DQ.txt,12.5514
SY9iCjTtzaueiMgIDGv4t5zS05MJRW9o.txt,86.3486
ScAdnKjK05j9qsMPjRYQHovFs9Gb4mRc.txt,50.2281
Slr66IaSCwWqMfO0dUdlpkO48F1u4g9k.txt,12.29
SodDgoxu2tSjv4A9t1jEznVJUu0NGnlB.txt,86.0619
Sqc79rPE1IyRyxmF6YMjZA7KIvGyPyY3.txt,12.3074
Sr9YVY15yMHG1fL42NTm4zWvrsg01fmr.txt,70.8159
SsYqq7zR0c5EH3QL6LYpJAsOVwwZRae0.txt,11.8368
T32OsuAYJzEn3PT7vkHOQmGaLlTq04ra.txt,88.4189
T70VZS26t9oCA6Hq2cpznW9bVlpIAv4x.txt,77.5987
TAkoizMyGZ4ciRXvCMs76iGEErfCUJoa.txt,91.8782
TCcBRnDqEMhudhRfY4KmTYiDta8vfW5s.txt,83.7849
TD5enZY0Z6cpdNYGGBNmIITGWok4a7y7.txt,12.357
TErhCGK1gZnu654DviU0TWj14qnuvCTI.txt,12.8715
TIutGmyciPOZpxt698CR546rYLSZWEUF.txt,88.624
TUxpcmTjgO4S4NWEO33EgsjwaWJpsoF0.txt,86.9075
TXaOqKphDDRdQQ2mPs53V8CWc8l4PEKk.txt,56.6728
TZZ0KiBCSL7Dt2vcciaJDDhO3W80JJ2F.txt,52.0588
TbSrdwFQV9Kh5vQ8gQzJUpSJqM3LuQYJ.txt,12.8985
TckmTvTe9JIqw7R14fX9RZZuLCY5Gr50.txt,85.6384
TdA7SVvcorSGmVqmTU9k1LKJM0h5xx8N.txt,83.3901
ThzawgyyyGbnY76l3f58Ek3faddXJ7HK.txt,58.2564
TwrWkcdLoo75toWHbJ9MiQNX5ERbAGto.txt,13.2427
TyCtOJFWjNIazPqpuTe21G8gTaPlqwSC.txt,13.1897
Tz1QkpNUoAmmgrSgjw3t5LVFPMTMlMAN.txt,92.8483
U2BODmVtUybWtRJkyP1QMsxdiq61RlX2.txt,65.0352
U2QUU2q7vK3Ba96U0VDveXe1t3mRZBGV.txt,98.1537
U7Y70HbKJwwhFhbQYGPuzl2se1T6FbCp.txt,50.9519
U7m3SQz0joFQ1QKzabiVL7ocS3mrASHe.txt,84.9809
U8FeGh8ef1MxVTiSi3ffrjdG3VjPmU7T.txt,50.8986
U8jASqJiAoWzyuBoCjkXHBwWZlykKTDe.txt,13.6236
UASWkjs4d305oi9j1f74IoGxtlQaYWoD.txt,87.3673
UBuZJsDIPYoRS2EKieuAiNxaaaxBU4iB.txt,14.1042
UDfo6g8AotyeTPnGoWOGcX6yOMbV8y2q.txt,12.7414
UV7wETd2FO0KESzzf1a4QFTSw80q11wD.txt,87.4271
UVSqGbHTJcbThhm7dFSDek9YoDsZtY65.txt,53.4119
UYc3dJNmADtzaG1imYotsQSkjulpbg7N.txt,14.6638
UZQs36c9EIchaaObjUkpAgDur22SSdPy.txt,75.7885
UaUbOdl76siQYZBIsVloZy67wga77cPO.txt,10.879
UkLfIvDrUyVMILiqpufjasgtVfqmDy4N.txt,60.2079
UnU0mFJye7i4woOzEVUb8PYf1b2KD4pX.txt,50.4127
UpKlEljylBoiyi2wTmF3tZF7t71Ptrgr.txt,81.9791
UslSmMp4meh1pAukJA01nxWD4ZFrrnaI.txt,60.6881
UuwBoR1HSoxNNO2y6ZCsV3xor7NgZfiW.txt,89.2035
V4SrCow0X596S3G8vFr2P9SMkvtLHThB.txt,97.3985
VEtYsTu7BuIVGdDl9fSY9YiN3iYns9rL.txt,55.9999
VH2wGvwONzFrIFlKKItTSz7YiUOd28wM.txt,92.6606
VIzvbPVst3VgCuTNeWS3ITQAaBPt1zBk.txt,13.3017
VKZssZaAiTzB1w3dmEQ5fzwTMuVCtWO1.txt,92.6311
VO7zBRYZAw9VEyfymPgadG62FVLWxOjP.txt,53.7472
VOUSTCnsbszcgLjDrlBRcaIMl90ie5w1.txt,86.0069
VT8ZxOPTy0YIiDHJWbUcF7EP9yhpsyB4.txt,85.2533
VTHsd0JQhlyVwhOySBChG95fQDWMzn13.txt,13.808
VZ3zdvXrTDXLOcOLDjPROuDYMuFUH9yr.txt,12.0473
VfPWjQ534vlWdrUJ9H2t1C3As9CkYMao.txt,11.2464
Vgj9ncRZkH3JLEROsVahGVUNWiVaeZNy.txt,56.0829
VklP9tlvX7VvZCYSpLPTf9SYve8XbCJC.txt,99.0084
VueaESFAsANJ6BE3551N3SX8qyWUGNbH.txt,12.9414
W7g0ehvxao8ZgVE2g8aSaQFO19sj3FEJ.txt,88.6876
WBZgjRqmHUaNxJ4a3qS9i99OLzUJrjxT.txt,12.5598
WCXj7W3xk0rZzJIjNe5PIT9BR2Jr6qg6.txt,88.3083
WF2qKY61SC4KURnFSCVKyWw3NdkWZjCe.txt,51.4132
WHudg6rHwsd1N0H20bhqYMhWCJ1uBbs9.txt,14.3882
WKp5HUPSnKySlhW1hW5amGaWdjlTQ43A.txt,86.5097
WNyf9dRLWby7PHl6foFA2XK7B4FlP2qy.txt,14.6778
WPGekyt5xCAKwxgsU4S8bIrjtJ0xkpwu.txt,12.3491
WVpnFqYujs5aPF2x2wig4eb2NkYSAWyr.txt,87.6287
WZFjilgkIUeCfpTegaCZ64LvzBm1UEib.txt,13.1455
Wa1Yqbpcyic9XQLVfqbJnIPjn1ZE2XP3.txt,86.866
WegIkHvWPElRbwsnrAU4Pq8POiI2Brxk.txt,87.9557
WeoPLguvMtZgOtTAAig6yu5s9Gy952pF.txt,88.0957
Wiag4re21Gl5SKS0k0IZ3iJxPE38MtS6.txt,51.3242
WmDA9ga8cfVmPxHSzCvBAkuAUwUqoyyz.txt,90.4175
Wn9Nlg6rnoMFF56A6TmrboiSfrk0FHSJ.txt,76.8675
WtieYNfvwUzbM8nr3rAC9FFoLfzzkwUc.txt,12.5644
X0ZrjEdRaLMHJi4ZohZWYuHnfcXqcYV9.txt,83.7273
X4uCZjFcqdneVpp2nOTYmy7U7nFwQ7rO.txt,89.4182
XAKTdHJpVTZid9U4JEDBOFHiBu6vB2TA.txt,91.9059
XAeBPVm6vd44qCotaLXnZ2HwAwbQl2db.txt,51.5424
XCdDx0YTQ8xOEc3rEvBLu9UGrmStsio0.txt,62.9453
XE28jYUzlHv3fmEN95teWEB4CpqFLhNM.txt,13.3084
XGNRepz5Zq8h5vxBQXRIZu81TMt1XdMV.txt,77.3689
XIVWQRFjtrhpt0x7fvTAi2ioqVRuPT3R.txt,87.4057
XIfiDNHLLRPgtY6f242A5PSl302pQW0H.txt,12.5737
XNqcxdHYYH9pCO1zu6Z2UCGfUfEHh0jV.txt,46.5573
XRMCUnxeKcY7HKXPRbm63J0bpTGweGta.txt,92.0265
XRiRuHIiovvRQyFDcdH9olqfhZcPRwsn.txt,89.8798
XjqEy0VHr0QH5WN9gzTKvZ9eEj44tzcl.txt,39.8863
Xkgkm792qzXUMRTjQfJoqdsoW5Zu8GEs.txt,13.4698
XmQ8R9hBgPHi0pksItxI9LQcmUd3NMZF.txt,79.598
Y43uV3FL1dU5AlxsWJYVbXd1OGccdDEJ.txt,62.0433
Y6RkbTbEyYIzFDMd1zudkhHFwgpw2dhC.txt,60.6408
Y8EzJT6cObPAxckdrARGEAqb35eUhJ0T.txt,12.1916
Y9gdt51LBtwdMG5xEeTlaDpzdyhCr2WF.txt,80.7076
YFuKrE29Qe0FDh1nFcupmB7D6q23Uisz.txt,11.9834
YLAh8O2b9ght6yxGqy4ZTwVfS3o6dlP1.txt,12.085
YMJPL3YDypoYmHBQDHIiNABNlVM25Cwf.txt,85.4086
YXbZGnX7J1o67gbz7qYKswMDPCCwqlys.txt,79.6509
YfSYbVW6mz26zVpzC9OcXJqKIwkA5Eqh.txt,93.8589
YfxUfrzMDFSUOpZH1liEEI83qaEgYYrW.txt,53.6708
YiWirvXH5tmZPAKBBvCxfW9dBVuj8f0d.txt,92.149
Yl5g0MXIRDmMO5tOGNMETFiUyF8L8Dy9.txt,53.8488
YqJQwZMF32nx9H43hxDTFPoboT18i1CM.txt,52.3047
Ys2BJKIxHI3Y93452RSK8jSvk0iTNwSM.txt,13.2741
YtOkLooPrAJww0HWrHkxd6HPCeKtkOpY.txt,84.2856
YwK8OMqHuxRtlBLO7SMR2jGNtjcM8NFP.txt,45.6145
Z0sHLuoE8WpZcJEq3wv6A1SbWmhkYu7V.txt,61.1985
Z1XyFSeQCuwKsgLs0Ec6AqScy13rLqAB.txt,86.9808
Z4mmpGFF8VRt6rRLKL5dL30ZZXDaYI5C.txt,51.8072
Z7qq3qmO08dzaz80Hk3q5GQ2ApGe3nSI.txt,44.2041
ZAZyi3CJffaeK4X3kpZY3ey9dhuOnSwh.txt,12.7641
ZLyJM1cWWRMfD298eo4z7SJnngSOTd34.txt,86.2253
ZMTWXy0DESO2ktDz0kyOK0bUH0yTH5Of.txt,87.6418
ZOZkbUPHGgSaAb1Y5J2PqEEslMZmI8UG.txt,90.3953
ZPnpX53CltblnpE2FDe9AxI3jCaflqZl.txt,13.266
ZTkevLfthsNTjbncvniObjOorFUac1qV.txt,85.5591
ZTuAseHQ90PUDlRr2ZPUGcgHEIQMNsDH.txt,60.1214
ZYGkT7QsYWHRIQ9FpTzXA7UvQMf1yb0r.txt,12.189
ZbHILzImD26PpVZH6beJQJVnlFTCMWZW.txt,85.8176
ZhtvFiCTzp1TLdxTwXW1fvMxY0qzu4Fs.txt,96.3968
ZrmqKqYUUjacK7Z44b540HjGLppPuNtB.txt,90.4251
ZubybPKkbnBY7ItHJ73jXsDOVFB9TiEF.txt,53.93
Zy62yEw7dUOpjBsK7prUjW8SAF4zrD3c.txt,13.6187
aDHatqC55m2Z76vJ5jrxC1uM0vdJJcxm.txt,55.4699
aItPtSmT7y7YIcPI8ywzQzgLmiZ62uKM.txt,47.9041
aJN3JZfYL84MkfipyZmk5MjBTAXIhJl7.txt,52.9993
aTTc3Danzy8g3SexvZHKIh5rPFsJpBma.txt,13.4217
aXHPt48959q92W66ZFfA2nWRpwaYrPOT.txt,12.7211
aXU7CfvVOQ3HfYIusVpRqVnmkvvDqSNs.txt,12.5644
afVYU9FBDMquLqwx4MGg3HMEZrGGNeuf.txt,85.1574
ahKx9YLRlPfoem53oU5nRTRGHhPjlG4n.txt,98.2664
aiCVNqiUbb0FRIDGM8Er8t1XHrav6Uqm.txt,60.9086
alIhH2U6QTiFA35sD6AoXe3HmugtMkAF.txt,84.9205
b3Dakzbq3njykSLv99uuslwLGOeWfSWn.txt,79.1015
b4nZzjBOYoHw33PdPjQ51ZrOxRhBR7RP.txt,56.8878
b5n3QF1pa6kpNU7sXlWe8QB5k3cqk31x.txt,13.3991
b8TYPqlmMyknNxhtoHz7q8VXrICxXmkI.txt,11.6738
bAx6wJNU6CNiP5YZVQG7kYa5aqJmGHCG.txt,54.8959
bBpKpn7LHakv9wpyQ4HTUiLbWE91pLAu.txt,13.1252
bFVnTk2UCrLePCB4u44HzsQ4WAC22mXB.txt,58.4481
bKbCC2SBGZMq41Le0ZbwB18pFTHW876O.txt,93.1487
bNpr2PL0SV8JPKsG7cz8wMF8NLeTBcJK.txt,49.5264
bSOJsbZCSq0FvM428MdWZzNnU7xGYTQZ.txt,82.545
bT6iU5frUydUnBSJMX79I4MAwuMiVulx.txt,11.9823
bTfAyZdxSozLPOCzx8SfzKmaxRWvDzRr.txt,96.0205
bZafraB15UShoA4VyAo2qQnZkEZ9CVft.txt,101.4632
bZyGa1co10dJGO4kHkg3lD7RYU4c5x8v.txt,13.0354
bariOF1hwmECNMGZdXHUYbFibo6P7JHh.txt,52.0679
bbS4VvOxYhoGlFtThUMmTAfiiv7zCydx.txt,83.2876
bf1LENf2ndNctseKPXBc6quVoSuJZJTj.txt,89.3862
bisEfL4B6jjVQmkxjYspkYYqQB9tRddO.txt,58.045
bkKd2YOxRoD90EvxuzVbANbbN6tF4B7f.txt,51.2052
blMe3r0h8Hy2Y80Zoy024DjGZhOlTpes.txt,58.4265
bmc1bQWbCiCqD5uwt9bReIH6IF38UBIT.txt,13.5301
bmtC5aNuONfo8YuPdTp5sgfKYkpn0ooz.txt,61.6678
btlH9RNTRjmwRw5NvA4NUAfGs6BcXx3S.txt,12.5931
bwAglOJMevkQC6Z1pH8FYVSqVUEpTJby.txt,88.541
c0T3KaK30ojYRhLufnElBCXpSXjC4hgV.txt,88.3289
c33piCTEubrJpaFZkEt2Bgxwt9kHBywX.txt,53.31
c4fHDXAcEZYCoZbnKqr8aAYwHXL9sKVy.txt,92.9662
c7dvaQ73xffwQkB4xf02NFevHVH1gTud.txt,89.4042
cF4hz33FTYLdNlOYtoLvmyjrn8buJMB7.txt,88.2668
cKGlnwG2sR6knBIB9I60FiYq7NqmMSBz.txt,95.5945
cPFX60gXwbE8ngsT17aARMN3S8uvNXHT.txt,13.6863
cSySVjZf7Vf7bcj6BEsCTMl06nQaQvSh.txt,12.7545
cVBLpCWjcXBjwserInxkl5gJW5RcztK5.txt,86.9575
cc5NTuAViShwhFkipJ4u4hglOAmLl6pl.txt,87.9
ccRgswX66WaOK9OhhVX2wTZiqfW05dlK.txt,85.9906
ceXdyvDjDlRw3xqs50arAoERTLFfUozO.txt,85.2006
cgrM9syaXqBX1EDBBud2CwdRvvuxFA3k.txt,83.8697
clFJdlJzrM2KVNT8Gl1thjsKEvyC5mz2.txt,52.6987
crn6ejgdHELJlkkSUVXre24SmfPMuUwW.txt,89.9531
csWCoUVjuwDV2MaafwLcrAICSUsQfjGs.txt,15.7818
d1OvZnt0DjLVSEt2M8mYs70RHJL85QRT.txt,52.9839
d3q1b2uNlLXgPNiNliau190HQ3X0QV48.txt,91.9734
d476fa6O4nwRYVoS2GCjepIRkYNjDWe0.txt,12.2154
dEmm5hs8Eh7NKP6Mp5ccUD5n62ffy41m.txt,90.8795
dICOQGxf3GOdG11JyyAakw9g86GdToeE.txt,59.6249
dcH734W7x5BqZjB3JmBpWyHqPE2vnWil.txt,14.3666
de1JL21vvRgfE2xvioCzzvsDy0QYjuuv.txt,54.6649
dk5rgN8ofUcXqf1hLey2RlzPBFcsydrL.txt,95.16
doMdbQP4eVhkqGdm3xVE6XACtB6ZCpMv.txt,56.6341
dq3I5OrHQ4h7eOcd2AgiM8XTfcTY1hYY.txt,55.3421
drdOAApdpomg95OqD4lWTDC0m7yfBydW.txt,12.6733
dre0vS9lw3BBPhNi5wPXsv1tZt97d9Qh.txt,12.6468
e2tyg987QdxR3dlj5YSFdcFLaJciRZTp.txt,94.4655
e7JXA6ugOFNQQUAf2qFMBx25R5PFagK2.txt,13.8763
eCa7HcbpTUWH7rG8BOHEClFhSIRzWaRt.txt,84.8936
eD5NNWZo1Jbo6pqL2DjX6Ncr5F9w49JS.txt,14.2004
eGo81RMFbsi3SRP4RKMhe9iZZcg1WwkO.txt,48.0763
eMvJtWJBIoD8t3dih3Apx5u2LXEsUzzr.txt,51.6847
eNFYOkQxyWNroSStUT6MuEIa6DUfLPKk.txt,54.1207
eTNydRavUx21nJVUNytS5sfOz2rcPzWG.txt,54.2049
eUzBo5XG4ueY4FGb2PkS8EyWeL0AmORh.txt,73.1993
eZSbfk2kprlYixWv51eZJkP3BTRF2OdU.txt,96.8763
egfsMtBSXCGHo7Vy6mcEo6vFTX1QVaE4.txt,47.4062
egijx0RQPzE1eRmmKUKF1CLckj0e1Yk4.txt,11.9797
ejcM42RJInF7PyOeOqvCbE1LzQn5U5li.txt,60.7544
eooqj9EvlC7nrnuhcgCp4qVIHnUnrMBY.txt,60.5091
esGJ0iKHSiKfiyQLzw6XovBaOtC9ZUAg.txt,12.2891
ezLTbvwfDaZsQ2tLvvrqcKjE0qmfDgl7.txt,93.9471
f0yWT0FjKz25HVBJnkx8mFz57qMGxqhj.txt,85.6413
f103wEVRJ4dbjHWxznFWugNCAxpRbKrY.txt,92.0237
f2fHeMGGikx7xIcFpiGDkFOllvE0yNOJ.txt,51.8452
f2qF3BdDYow0OASxsXGYlPO7ZXJ4L66S.txt,13.6595
f9QP4uq03RLEZZj7oZXjk4zgSKhIuwRZ.txt,94.298
f9sg3Mb10FWEFPC8F2oAO08rv5GF5jZK.txt,13.0769
fAWasdN0m9cul75twBXdSgrsnaCPwHQ8.txt,10.6643
fGJRDEGlBZ88gBSUBDYvdPAwqXEAPiav.txt,75.3096
fIdMziAzCO14RcRWLXeld7VHFmEsHZ2Z.txt,90.4888
fJRySSaHUcLn5zbJA4o5THms3vhX9KKO.txt,95.7238
fO6yh1yJ79Z57LhimvP4fwxBOXot5VG0.txt,12.23
fOMzRf1ZVGaX1E8UDtn5FF0axn8HcHqo.txt,12.4368
fQaXTZCAAO5PsBqLPIBngT82GZidrJSR.txt,11.3854
fSHE3FyL3gHMjuHQWa53iUhKTOpmDt8n.txt,49.1163
fVxWAkmXCleA4nnfQF97uxZT2ufXTPe5.txt,92.0233
fZ2iA4dOhpdBUdrZrVmLSwdbEcV958vi.txt,87.8843
fZXyQSWIMKne02DAO7y6LLE6ohNeTusN.txt,91.5329
fZtkU7W3SNlD5MTh08vVO0ngJoRsKlyZ.txt,80.4895
ff21uIe5vq5LXj1gi5DOfHzdQOchbAMd.txt,85.3565
ffhBc6WxrjicutmVbOYohf9JooxyBRHW.txt,13.1548
fkWJkypUQpnwufb1BJ6pJXsbbIq5IfGz.txt,13.3351
fou0CmAcbPuNd4KhYqXCTX2H4kUq5nUa.txt,89.7746
fpcaJongWwf3hym4585zWp7mc0OqWCRd.txt,56.9991
fvDJJvJ3n5COKqckdGuM6n9AQqmLKnR1.txt,88.4503
fxJ6s2urcjbHzTb9DK8peS572ZYExQep.txt,51.9719
g4AjoOyQQsvUjcRtVOn9WPwwYrxzNbV7.txt,57.3936
g7VDsShIarY9GIkRJc8xjfKNIJsLWviJ.txt,86.0971
g8TcHJMFlefqA8E0e1K6CDxELxLu5ZS1.txt,45.8681
gH48ix0tTVCA7wQO1fpF3hgU8v44dTGl.txt,59.4441
gH8ejtClmOGXyzGWu0jkx4jIoQlbSSvK.txt,89.3038
gHGdX0YvBzX8xy5JFDvwzB8gqpAWQyzp.txt,13.6001
gPMwlFaZCWdZ7MyyRTLLzxvWe69QNWLR.txt,94.4083
gRR3Ud1xdwxeVlqrq3YJq3hTQaIE0pcD.txt,82.468
gVgKlLyTfgwFnj6UBu17jiG8rDuKNjLH.txt,13.8606
gbTedlNMB21iHNObfhXzknYlCFXKCvVT.txt,84.5761
gkZ4EYBEtRXyCZ5QBkzAOO4VidRveFYM.txt,64.8934
gmaHGUBc2gLjkplGXacgDslFXqInZDKc.txt,46.4901
gndWNG1McFQ5d3Qt5AARgz8rzKczw7pf.txt,12.4293
goFJ2BCLuuwVZNhS1pD9vVx6zqRViDSe.txt,90.0961
grLhE0d9wNPfmmmmQ1UN3QiL1CFYxJns.txt,12.9652
gtcwAFEZfL2y3ueUAbhWb49Xvk3W2y4l.txt,12.5206
h1KxWcntBqxRMy8gNk3L7rqAFXliCZAY.txt,83.1423
h5ABwA5OIr0nsguRbEHH08H14jUBDKg1.txt,12.4905
h7XzPc61HVH9Cn8UzVUZ3MpjvMz13Do6.txt,88.4865
hTwf1lmRqrB6zLgBIxQxSg3qmGMvSTOf.txt,55.9229
hY1GJXZVuZiEh1L3ALJTfGFftstLYMk5.txt,14.7438
hYhxmfg5UjJDLZLO6pZvoNAWmoxMgngQ.txt,11.7662
heu9mNQs36ITULfnXhZbhT8NlqFfZFl9.txt,45.367
hoLTOUChDF5Grk3LUlGQkb6y8ir5VsIC.txt,85.8591
hqOjrXdOpyhIwa235PX3exEUbEQTeSaW.txt,13.4961
hvgqHy8FkW8JGZSdwplFk1okl95LHjtm.txt,12.2801
hyoWI0OUnj040H4xE7HtrEfISQ8uSunL.txt,49.5599
i0DFxu5KNSpc46DYicJsSmNlQeemt7To.txt,13.478
i3K1dzoCkYdIOWEAbAEwSVNVFd6rYStW.txt,46.964
i4xS6M3jWb5KLsaLr57qOG6wS3VeV32j.txt,11.5392
i8bH2XA7QVrIVqzy29wRjSgp6gP9oVNJ.txt,77.0616
iB5c5GXzj4uHRizCbPYIcgWSxqq2jt06.txt,48.0313
iDOtI8vhXhF0jyORLaclHS7cDfH2QgrP.txt,92.4403
iMnG5I3kyjUrJuCsEljzr69byutD5rLJ.txt,83.6236
ifrOvC6IexfHeCJ5AEjG6Wd2B1nzOcio.txt,65.5963
ihjNjuvsXXacFUuDlWxE8nHDuVR3HdCQ.txt,11.8324
iiCIh9O317wASLad0uLgzHG4O9CDBfTP.txt,54.1186
ij37urlLLsLAU0Rc9CpDM1X7ks9F8gtm.txt,62.1415
ij3HNedQhtClap9tHSVCN4KITFDcNxVI.txt,57.4388
im0lVsWo3ZsKARCPC5jqzkBdKz0mLwAC.txt,59.459
ipnSxERixEYyW3SiXS6kcPjDINSp0ofx.txt,93.6504
ixBgyeFUfdH6Tu19tWZFql67PiVtQ8uw.txt,12.6873
izTjGCmuZA5rOG15UZoX7RHr4egvwMbH.txt,70.0296
j2KXsqEvHLSArQngC57yuQImOAjJQiiV.txt,82.8367
j7uI9rHqtJAV03lb9D2sEoB7VX97ofw7.txt,13.1772
jDe6aMRTyUI1y8A7JiJIH2qDY5vs5xpL.txt,81.9925
jFCltEBnBMta4KkkYTTieg7lpQ9b9IVH.txt,50.6901
jMP2g6C1WtzH3uFFknXDrgJwPGuItmyJ.txt,90.4974
jNnbKpu1kbep1CZ3zMXFzvupZ5c1BFec.txt,86.5432
jPiJnLvSgtLHmzzifG8sqPRZPbX7GEPj.txt,60.3123
jUHUHVf8dWi8pcc9E3M8QHHMGmv5l3Sk.txt,14.0771
jV5Hzlt3hReph48fbHdcF7wi83RsJtDN.txt,86.0163
jYxAwNoZCtZN94DoJmhzpRfN4EinvrOw.txt,138.7746
jbLUeQtlzvUxJNslTBeSg0mkLj6oBRQM.txt,75.8319
jbTvl9Td4LhbFP87PgZokZyt5fxbEuyz.txt,13.8912
jbwhA5hB2MvqI1usPhpMMkiZDB0TgpaI.txt,46.9443
jdq6qw1RrMYBz0iNfAv1H4YIWuAWoJDb.txt,12.5832
jfZcrEtaOul05koC7RKGfnLOKwTm3vCy.txt,60.2945
jjxY1UI6hOPOq4VEz0geo6pwaA9qGQAs.txt,77.1305
jp45cH8VukTi9GBJEKOxSTo4QdefGXof.txt,83.526
jrEjw9gWViW8WStxkCF7auE7uLVqHqgz.txt,88.7472
jrfq9FOi3nAWiQVK1ZKCxppU7xRMeatD.txt,95.1719
jtoAYeJX8TkTZMFF7rsuaeyzPZXfwydi.txt,11.7726
jtxgcdfEN7VzlitwU3zbbRlNp7wJGtrn.txt,12.659
k27I0lIWncM9lA4oVY0eZoTCV5QKoSL4.txt,55.963
k9hX3DOWCPYMBPv6C5GUdkpFtVPXlyLE.txt,93.5065
kCHdFJNHy2A1m9UTAGtAz2E0BAntXLbF.txt,13.4921
kDMwxK90AKhN9Xn434vy5R0sZUIMtXKV.txt,89.7542
kDxkAnPGFC6wV0V3ZuBHpHMTGPUCxQd8.txt,13.8209
kI6VXHvsetWw4mFYNXHdbrpBkpgO7ha2.txt,51.1913
kIwyhUjDI4CViWTF6pIZFzeThD9bPEz0.txt,89.425
kKpOpvyJeIDbnwmaWtyiUgj6gEXJpiNE.txt,14.2697
kMKsJAwclibxuVtNUixYTcsprOOP5xCF.txt,85.7555
kMew9KPVrc9KVxYMIhdbilkWt6iPefgr.txt,12.6912
kNVfuFUIrgzA4i6tOkhYWAJedDkwHISg.txt,12.2909
kWe8rDlPAJj2ewBTPdGtpleLVCBRAeqe.txt,83.3459
kYZG8mjgXrHkfSO6pkRHlm0FH2fheE2M.txt,58.77
kYliBoPyERcCJp1jtkZMijUD7jws4nRg.txt,62.1341
kaNIem5djVL8OjqtFpZRkQRpHq9TXkKb.txt,94.724
kdtIasZf7S7nvjVKoDDdJPBWTO5SoY67.txt,13.1046
kha3OXXFFM1Ddg1o60KqfesJt1z6dTyi.txt,14.2906
knvSv37SMxR6u7cM2L54XG7f0iMegFbe.txt,66.1158
kq6qNdovGBOBHe8D3FxrkSisCjVhK1dk.txt,59.4738
kreTPmg1yTu7hh8UIJp2GxZceI7Gci2d.txt,82.1899
kvm39KWqLCAJl9rFanvISQmHc1AWwhC7.txt,87.102
kweqCA1dctbES9OvpQvixlPP5hvC1zGP.txt,62.3513
l2sSEbf01YQdjM3rCjbvz44gJk8o0GSu.txt,85.1545
l7eecjE176MeWVP7bpaCWHPUghhiNy2Y.txt,15.248
lB3yoGo8AZ9sU8hhpetdUQ2yUgVMngnI.txt,48.9843
lEQs68sGrKYv35Wo4PAjJ3wdzgc79huv.txt,12.947
lGBOf7fzuMJhaDvjIGoVPmabJdWZahIQ.txt,12.9953
lJPirxmlcUhP77ehzyBVDRqae22IAIK3.txt,14.0291
lJVxfqOrXLhpeUdf0f4j8h5vPU7bvBC8.txt,93.1092
lOv3R0qfTFvPuRhRZQJqrfv8PfwQug37.txt,91.6459
lScIIDXrYwxsp8Cal23Mkgc4coc98rgi.txt,76.7873
laOABHUv5rdrIW7Pe9X5sAwA30pnFXRi.txt,54.796
lesBcATWV64gpUAhAuX9LNHD9rq4o9ow.txt,12.654
lfiytwtulXSjlVXVY62wfAIweUn4TtGG.txt,13.2757
lklems7DoKIX5ivzuuGUJrBYtfJSJn5p.txt,13.4139
lntofRTnnJZe5ezG7N2SlXSpEziqc1ki.txt,84.8349
ls4kGGerBZvPgKHslgiyZGymcqX8Pgs1.txt,89.8212
lszCA2BPJd2Jh0fcEXehIL7c42tmb1Zf.txt,8.0478
m0rNr8F92g7PzoRzccKDmGtHAGEMauYD.txt,80.4863
m4QIf0VdIiKfhUgLsfHJPkRA8HbLSWqb.txt,57.1046
m5KpRw5Xh4RSogLY9xURzn4Pf1yBocbi.txt,77.1106
m5vIJ4UHdOTLs3DASTkUPmNdUivEdxdj.txt,89.0207
m6zzypCdIImPwEIvfvdLkuUm08RrSyyp.txt,88.5497
m7ZGduJo87tNad1uaArxZTkIqroBsT8d.txt,47.1754
mAcQLNdYaqEa9yz4PPMzayuCChLaLDwo.txt,46.45
mAkQIXFHvXoI1OvMAl4q9Octg7xeBJum.txt,78.3811
mAxRj60PjegB5XzSJ8nKgliEL9JclliH.txt,50.0074
mS7xsF2uQB7pdq36Xhhrax4ePBxgGe2j.txt,13.7219
mZ3d6G2uDcMRMxz8rrsDHD6Erz8QfGP0.txt,80.647
ml0BR6cZN3EEBI34YxpJ9cAsjXj6CODe.txt,61.2837
msM6t59jqtNnO33710goPjy3OzeA70Iq.txt,13.2043
mvhNbPDJrRCXFHmkJNkpf091xOe3DuY3.txt,94.6528
mvmECqd9TXw1Yl9GGmIsePSk7OHCKo5I.txt,89.2628
mwCE0zPVIBxy3pXeGNi5mswpW23TKDXX.txt,12.4014
mzJAYlpDIFdUZvJtK4N0JAkRZyfcROr6.txt,54.415
n0GR7b499ldJvRP3226t2f0Y2ktVpxch.txt,87.6667
n2our2o92pcdS0zKOWkhyAFTssHs4FIw.txt,81.9161
n3LIXF1RGsnXxRRuwpjoGQ6LYcBPFeH1.txt,10.5882
n5fYfaTt5S2ZSyZJ7G0IC9w4o9qXNO71.txt,12.7259
n5hAMfSo01c6gz8MESQX5ADuTErazTdZ.txt,87.0813
n7hoSf1vf68a97msXraRdEDWv4aOInYH.txt,56.5787
n8G19opcB7EAERhmiLjdjIaBowHYgFpc.txt,14.038
n8VZYIZnWPBaWYjOFzhTAlpcxddT7oOm.txt,81.9003
nBntLM8M6xSpMqPQpBrsnfZazDidsZ5Y.txt,78.5349
nCSgipUpP2XHqA5Vfp8qXpxgGIQQsqge.txt,13.2025
nGrq7kFsMKaafxPQ9zDgI7EfiuOQczqn.txt,86.9004
nLEVFIh1loeF0cOgyfUSxjTNEJYTPk6T.txt,92.7482
nOXlsUihk8lTXO3Go9nRefE0S1QDbKhU.txt,83.9697
nPUbQR3JRxhv8YI386J7tP4bTow1lmfh.txt,45.7069
nT8gtrVFBBdKAv8Ugn0SgH4wy5edAyrD.txt,16.5388
neE3qp2bA5zjkcZShpwG6QfLhbWaB0D0.txt,96.1785
nic2ioyykNcAI0MYJ3CGWHa0jE2SZMFr.txt,92.4557
njYPyKkUeYafxot5lYuBRTsiJH9ma8KE.txt,57.5027
nkHrpDN449vIAIT1LXhbRqnEX67KfApk.txt,94.9064
noOyV8ZWbc4ifvsdCWDTo5217Qexh3My.txt,78.5935
nqkhzuuK83N7dekaWb3NmcgOB1oFOXqe.txt,45.563
nrt7ZAQgW6vCzy448x6wNt061kcujle8.txt,90.3432
ntwCepZorIfkbJW55Ly6ubtjS6h1Lkmc.txt,81.5849
nyZ1XT1L6jILhyLIbFJbc2jAs1V5qKr8.txt,14.0952
nzGEYTciDciPsqi8Jh8p0hQhwRKz6Dzo.txt,45.6177
o1oas3NDE54TyOgp4bSLNVUUoAsl6DPG.txt,81.0012
oIRf7uCOGYp6ygk89DebBkI0kISv0e3x.txt,87.651
oJEZhCJE4jbtlnwelsA9YRlbONx1xQVG.txt,12.3627
oNlBVfLnEx2yeWhV9XtRDQM37mRMbSuV.txt,12.9484
ofaAcE0GkbE11Bd1RXjenl8QhLt43tDJ.txt,92.7191
oigiR1N0HAsSt8gYgqTuwsxSrCLalTKZ.txt,56.364
olkGsOaKoZ3IPJIujTUW69GYNzntSMO6.txt,14.3167
oqXtc52uEbnymX4FbChLfh5QCOeRKSMn.txt,12.549
p0yGCgjxuj0aqabXuW361IhdQ7BZsFKb.txt,13.1858
p8hjOnpDS1p8GclYuwP1riICmBieysZ3.txt,13.3089
p9sZFAvcIJcp1e3IcS8Uv0xYyTDbpI8f.txt,45.2982
pF4T8MgoOWtv5T0lHuW4VCOngcYIAvFa.txt,12.0569
pLvGcHvBpUCaHjGXZGrtFoguQzFfdHZS.txt,72.5344
pM91xYydESDTZPmzzjwBR2AZwPwXYa9f.txt,12.4851
pP8kBvf8XgYUuPJ0FPDc88Zj28kF1Eor.txt,84.7579
pQW34T56NtKmJebADPKQfnDwUHbnoRee.txt,86.809
pR0fD1uitkI6dwUW1g4Qk2jrta4vhyCr.txt,46.1031
pTyKqY9oWGW641OIAzAD1lMcHdVr2m4m.txt,57.8482
pZJdAbSx9HRkzdQimc5KaQDXa6eXbiih.txt,12.6749
pesIy98wlsOJvjoItATWSbBXkCJldqL6.txt,90.0901
pfCbJmZ2Btlow0QqRlTJqK7tagXLCDRF.txt,74.2875
pik3rb4kSfBwgL5NJXjldjGfNEJzMplF.txt,12.2355
poORziV1xcFTK168H0TiULfdWwrOCrM8.txt,12.2674
posxv7DyelCCLQZg2yFC3eMP5V8UrfkZ.txt,83.1265
qE3EI0Vdn0vALsObP91vGxjGzqhN5Mj4.txt,83.8433
qGPJpOS5m3awwl5JvmzpYZgsNPLJddGU.txt,59.2313
qNKtIGi2o31nuvZ7qwtMW6FXfXNwZf8E.txt,57.5754
qRRxtP3YGCVPjveaqSVFYE1KrjdjtHlz.txt,89.7601
qUR2C0ScUdA9vZWhylHOtbwkyr1KYgty.txt,12.8786
qXMIOMuNRxTVLJTDZMzr6j1RPq7KGvpG.txt,81.2883
qcfWu98mWUvskD0yacVbbqxH9gjqnnYR.txt,79.4197
qdKu2eqEDdYTfFX7cJv4pE8FjdjRoO4q.txt,58.6009
qlDtlDoHvIpkHscnOTfvE3JgN4g0Q0Jf.txt,90.4132
qlHGCqw9amSsqsOEK5oftJ8hXwXPrxCb.txt,83.8866
qlHOcDfyT7fv5jFEvPdZ679k2vFVhaPB.txt,55.1678
qq2RNgRGLAZvhTZ5FV8kxFuHXeiB82j7.txt,93.9407
qs4AcYfRikc7cUl4zFGEXLUOeKJGD1me.txt,85.3152
quQB4527NnuhV9dLTC4pBlebuGIO2OFU.txt,51.919
qz1drJHo98zjW4IZNPwehbJYSvvLCfmj.txt,93.1957
qzjxlfmmxxtm4PgLYr25xqO8jhXsvNA6.txt,57.4556
r5IIqG0R89oo51ww8ErThvGhn315zZHu.txt,85.1981
rO2QT0yXCDhVhALVIEyEAx3b78zhVUBE.txt,48.6054
rm9T7SoT06Fzdzhdsgx8oeRt3Ve6aCNR.txt,48.9843
roRprsHlnNEpAsEZwTw0qQpexlxSrpnl.txt,87.714
ruGJhGxZ1rhn54Z05SxfvbJ4uD1sZu42.txt,88.6201
rxHDoQKOPKBn0LTamjK9ojfErk1KPmiW.txt,82.2641
ry4sW5zvBjDHivGGN4l9na5KGoL5nKoI.txt,87.1432
s1siBFq5SrbiHfehogtv7QGxdmsBcgJf.txt,56.3388
s2AwdpIs9hwGBvXATotrgq24EoiQ8QRj.txt,86.1522
s38C39RqmbE4B5UCUjucUEt1TkwrfrEC.txt,12.4436
s3F9bVOBnfonQEViQQrTtYyS6dNpEKKs.txt,83.0195
sDPg9OaqY6VEVpnCUwehoSVDZc1FxfnS.txt,79.4228
sG6IejPfUDzGeWWYUtJEWLiDZYebibeo.txt,86.5215
sK58BVM2XTkBSrGwqbipLG6TeJ9BBOQJ.txt,12.4602
sQjIPpE9ruiDI1FXOrGHlBvECdsxOKoR.txt,12.4284
sTNJscgQxwiXR8oTX4fdqMtQoZuRMTES.txt,108.1285
sdmGZt5gKvO6YRWpQZrFXBpw3PqpcwoB.txt,14.2939
spycTrJfVHCmX4GFiPySyjpwFqgZfXOq.txt,52.6338
srQ6E6h5va58b2mT5c1PGwk85tuYisiN.txt,14.1069
sv4Flf9br8bZOVNLe5ADLCNjEdvjWypD.txt,13.9616
t124g9QbY76eDCBu16LJZc4SD8QAEICk.txt,12.5628
t39gH32ffYBZR3dS55nzKPP2OdoWOxhE.txt,46.6363
t7aUyXVgi0pPOj3iLl7SBQhNvvhQpLpI.txt,12.9266
tJipKzWgOCoUaS3FYQhndXir2hL3GYCk.txt,80.3053
tR012rfRFYa3o2CVjiWReOo4yX0PTaQ8.txt,86.4705
tXf8yiy76TxIYXUrWXFYaONoiBDWzSjz.txt,87.6051
tbEyiRygofWNYrsa5RyUoyOmQ7s8mFxh.txt,59.8902
tbJNeJEtmcVVW6J9vNtXfpbuLLHbj9Ne.txt,84.4073
tcKswwO6oJxjYfDg8kPhZnZ8cRm9YZFe.txt,79.1642
toOgZ8eek5BsyfXgkggMvjLCnTGs7kEh.txt,58.1578
tpbtaaQdpDBUcClvLWn7doA8WCZDzv4Q.txt,13.5669
tvsBg515k9RHOxQLheOH4mEBx7p2PrKZ.txt,13.3454
twImGGAAzHQPZuCiPfsaW2UCsQyXeqAr.txt,90.9966
tz107sA71zelzxLdTx9ljMZYo4GjGNzE.txt,12.8528
u6KAEjUTUM9a4z2NaBNUdot8XnCxATVP.txt,58.225
u9jaiir83piCb2uJ2zb8K6Iq5rUSSLAL.txt,90.6789
uBcnXJAueUedentR6ffaqVCRL0C2rbdJ.txt,91.5412
uIlQa0vbvX9Glq5o29RsmynDkJDdhcH2.txt,12.5449
uKzpuYAguRqRV20TqKEAj2jsyBVlqFb8.txt,12.4664
uNMvPOWwNBzzGhuXl6c8eO5qVT49qZWF.txt,12.94
uNrqk2N7z3avr0R3HxXqE6BPxeoEqiCn.txt,12.505
uQwfoOjEf9AKYpRPtlN02N8lYq5zU95R.txt,45.7038
uV6XbxQLvIxDjRyuCxvxiwhsuH3XTjAk.txt,12.5829
uV8mAAQX3OmRQS7swUXZAFHwODhiFOIV.txt,10.8971
uVnJbQcO1xFmunVhk4QARNWMncYfx804.txt,58.3445
uXTaCbEiDQSntJEm5Dhz9ywO0T55qk8c.txt,90.6853
uY5lkDPZjTd4nMJmN2cxUPwdvRfvLZi2.txt,95.5797
uYvSk3l8BJKnEAf3gYO9rgTCKQlZvvJG.txt,14.2506
uZJKWg5v82gQVllYtYgDjXXwssuo2pmL.txt,82.9501
uaknOCKRbSpkzZnwRbIUt6OeMfDiRau0.txt,87.7517
ueNpWQsAYj0qsVKdyCMe9oVyauRQCidH.txt,94.0426
upOFSr6vzz8NLBMRGCHTOXWx0Ny6XOaW.txt,84.3031
uwidAoPhdI5Gi1LohMD2IQY3BblTqZbX.txt,93.8754
v1UmXfyKCre8LzCOuh20W1rE8nDqCpiM.txt,49.7214
vEN3aqpk0eClgx1mrt4lhZlzpKJyGwj5.txt,80.8628
vGhaJUXnmyxhD5X8rfsa3WAzeWoXKoCf.txt,13.1253
vHWk0L3nFW7PiO68XYWJUSNPBHyGzCbw.txt,96.6939
vIRwX1Z2kFsG7lwe2Opv0F5QLFCTFHuZ.txt,50.7954
vIp9wI4HgS3wve7Z7N5k2i1AHBWXl4IM.txt,94.2277
vJ3FbfFUlV5Yin9m7ot3dm5qI5v7GeTW.txt,95.807
vKIO8ijV2Hzs0VAwfIaO0GVqi6mvj3EU.txt,86.7567
vKOyvoHKepxLJvKieebwtAapAxFO3xX3.txt,12.5085
vKkRACWg6DN9q1jd7NyZ2RO2ND6JSKfZ.txt,12.9397
vTEp9WRZSzsfVm58DxUBZU30czQFiMoE.txt,12.4337
vYSMDgc6n0bNvMpyN3Bvpea1RZyHWQ34.txt,46.8682
vYYgxKIC0xL3lIA4qjjYkXQkr2TJLdsC.txt,85.6284
vdPtklJipUnUA15jX4i2A6bxxgdjWSNU.txt,91.6722
vgKEBybYXX4MqDjIGaCnAcswS4EjW8rv.txt,86.0101
vgTFTFdpmbuCwhR1NDfa1b750NQEJ9Am.txt,12.8831
vlqwLwPrGuX5OVSihS4A8nBmdKWY5LXZ.txt,12.403
vnmlwu5TXEBUeBjhJJWR1J9rNM1RSqH7.txt,58.4886
vpoTBVY93nPvZvrvTp6kQQBgAiqt6Ver.txt,87.7254
vwLOlsefrvU1tMR9DfQmBTR7hV9LQwG6.txt,13.619
vxEtHtyNKYHsUVV9nmCuyPWjqQOB66G0.txt,51.7402
vyRL7swqu9uESQeGriXPShhtmll5OEvv.txt,88.869
vzJl5rueec1uT1UfHTsCoiAe9xKza4VK.txt,92.6613
w28YV2xgwalhZBgsy5Z7JEO7sh4zNlx1.txt,85.1144
w4KD8PYcIWj30BBU1GEm6YMafN0egcYN.txt,90.9118
w6VEkKsr82ijmSNNJWdehc3py1QcogKi.txt,85.4364
w86ikUN2Zh0DZhDx5H7h840X47wbzfM9.txt,12.315
wEbZWsakWJuSzr8BducQyFSBMlTrnfiC.txt,56.0127
wFCUdGjvvwAcW3rf7hG3VfwlPxIX5Mo2.txt,80.6671
wMRprdAayYnl5WDp72cBZyzYpsRTrV7n.txt,83.857
wS8UysXOtiIUdHmoIGebM9cA5taRHBwV.txt,85.0879
wXrWBo3YPrxgueaOyVkSb7L8UmriDMm1.txt,60.2804
wZaDZ8NVMzsd6o4dwDi8tlth0CKdATEc.txt,14.2521
waDrtUYejk1zCPIVN3BcYHMpyud7BpB5.txt,72.3444
wc5HtrlflKQXYHt8E5FbETYXFjhVnzBs.txt,14.3502
wcoWZf2lyftn6A8SHS0MsQU3TDpJmuzl.txt,86.4001
wdwbbpE8mvvJGEXOR8HE36YQFdCUyaNd.txt,13.2755
wexh3O1cb74iE0YrSllsAbbrPfTw6tJH.txt,85.7741
wkk88Bqg4Fo35QoPX62qIo4XCZypCrpt.txt,110.7924
wwI8dMd9nVz8bJY6ccaR5WKl4fEozhLI.txt,12.5586
x19wENGmHyWNcV5bmdsRimeiB6hu59ft.txt,90.8717
x4uhRfhhtlkizoDNfOMQOT9IdIQtu0Qw.txt,91.4428
xJ0Ufj1lkn4dgZMnzAVKpl9ItrgAQX7j.txt,13.3362
xL0CMSobVbJ3rL6ogFZ202qsg4G00xnh.txt,84.1594
xOz94nsxzBwB4Mt70Iwbq0fQLsGWNokp.txt,58.8072
xQ0fUSZzGbHU56Tbi7idKz3PGf7F7kRS.txt,11.8617
xSGDcGSsynTeHRPbiNbS6kL2K2cc2wrv.txt,83.8329
xSGkLblMp86ZVZJpfkGJHDCbtYCaG27i.txt,92.8476
xSiYTykKxhAM7IDsFngXyCtijsJj5R1w.txt,86.4296
xeZkxd3HQ978kjP3TD2TDY2qGZ2zRsRM.txt,12.7166
xi2pNOhFgNNSRzld5V2PE0Hax3MRs0Zb.txt,44.4372
xkxpw1rlNAkDrd8iqbU2iqQtyy4FeFHb.txt,85.6291
xmFvxINJqnGQwKfpwXfHjsHguhwqreIq.txt,89.0448
xo0Qm4WiAvxE25xXZ0lpIbyccJwZcQWZ.txt,12.9475
xpmP5o2xlLRnpBfnZm1lpsxS46HptktS.txt,48.4324
xun6ttHO2tXGj2JSqHIruXYgHXq5B17Z.txt,11.8782
y0FGA0pcj7SAsTFepIp3AJWqPAdDidTD.txt,12.4892
y2flIY66ctj3T7Db27px89RkenQu3ivd.txt,56.0247
y686rSFHbnCuZEqyk9cCCBcRKOIvLH09.txt,63.6585
y8NbXbNF1Qz9hjnM2F91WuFhINsSdXfV.txt,85.0209
yFZZtymdzuHcBPyOby2MhgXN2olmpSUh.txt,83.3218
yKsn1IXu8c6YlGNi2au8exW6ZxYd7etZ.txt,12.9776
yNtp4fIYQHCQlgEWLMLO3s76KB6QiZkR.txt,87.5343
yTQJ9hGG0odmX3EPaSgZ0l32VhmhWmSw.txt,86.2754
yTRPCju1b32MqhiLo4qbjDBMy1eXABT0.txt,83.8689
yUxlJ0qOOZrBOEawMOEWq3vYct0jRdbN.txt,94.6838
yavRCdLC7GzH1TKqGEdkvtlo0UhSbmWt.txt,13.4451
ycWLyxvYEq2OEfTviRb13ftZm3MZ7HrD.txt,13.1069
yfOO66fBxXqQLIFSzemG9dycnaHZMpFE.txt,91.1426
ygXq6H1kMo9JpbDdcK6RHcOLUuutzQff.txt,46.2271
ykQLvNpJmIFG1tepBdK9p6kFP8as2XOS.txt,87.0867
ykWVkgrLKmnl4Gb2Jl8LZPAMGqFBcFjf.txt,58.1091
ynPdQYIfHZ5Yi9nxxbYELmhIw3lC1lIv.txt,12.8897
yqXZoDR215qFoh8mbs6lxNUipv97HLWZ.txt,51.6933
yuof778Zv0iWhOzr0deYisIKA7V14tvF.txt,96.1979
yx409aMkPK1NAMre2aXSYc0lBCBi4e8q.txt,62.6013
yxJjBY6h5vBCyC1zGvmqEGQg0aPApKdG.txt,86.1807
z1UunRr3H3R553EmVzuZUzHtXoiNX8QJ.txt,85.5643
z1rAIEVawP5HR5O7zge0kqIJXJRTsFBJ.txt,85.9624
z2a0I1vwKtD2oCPWPgFfP4EawV4phP2V.txt,12.4799
z3ttJLSsNbexhPI5ghw3f3fdRyv3gj9F.txt,75.7381
z9vPxAHRnqGULJyxsNvfEU70hTdnDANU.txt,89.7998
zBKQKgwjU2Z1ABqBsHDpUYTIdFu4EjDz.txt,53.0312
zCeDUbXFS0sYFroyq0UOaVshpagcBMNa.txt,55.6845
zILd8kGxuy8MVU6MZnfilKG3zBEDFldR.txt,12.6136
zIPLe6RTZn13rCBUdG8xWrvZTdPrOCQU.txt,65.579
zKjaFLPG7w2tuR8opEag4tAqBANGudyS.txt,92.1373
zLWdksBD2ShldCUCYAO2nWcaY7hzWiJ0.txt,59.7694
zLdH3EZrnT1E3VHO6fyi46SMSMqId0oS.txt,59.3116
zMPb5tyhWUN1LUd3iEoDMwrWUYWGC443.txt,51.0361
zNaE18NRRaXTyF99Gqv2GzG6qNI5Juuv.txt,82.1053
zOgMuI7EuTrUfnP5HbBquYNdEa3EpbEC.txt,83.1945
zQ2phTmLhM29xdliS1Pb0GNdNtWMl2rI.txt,53.9605
zZbiFto2ykZrMqWpYEQCV5g6SqhzERCh.txt,86.3351
zan0JhrFFsbzLbLoBwVwPqSJ2nkwQp6b.txt,85.3988
zay3JhD8AECfCheoi9KROzC1pmjH6o0m.txt,82.1194
zbK3hZaP69phDkSLIykSGKrmTbu35wci.txt,56.2236
zcQ7ChIl8Q45HGijip9IE7yfwILMKPsP.txt,89.3764
zjcGC6gvgUafYuf1qLWgRU7zqrPmaGzz.txt,87.4073
zlICWTT1Upw367CxHHEYpFLqwCfEhqGr.txt,13.4707
zor9U9k2HAqUZuZL0LElgvZmEkckq9my.txt,12.6576
zqTCFybylZF3juiJ9nTruT7LGPVGH4Js.txt,71.8517
zs7SCNPfKi3tW3ZT58kQkTByEVRrLMvP.txt,13.242
zsVU6a039McUL7Xgl1TDIg8iXrWO7ZOH.txt,45.299
zwTgeEolqRKGY1LDzXo8ECgCrSnQkY2y.txt,83.4224
zxT6PNt4YRcmF91aQ3WCIzSrWXc7uPrM.txt,100.9936
